species,filename,year,month,day,eventDate,doy,decimalLatitude,decimalLongitude,elevation,elevationAccuracy,coordinateUncertaintyInMeters,verbatimElevation,n_leaves,area,perimeter,bbox_min_long_side,bbox_min_short_side,aspect_ratio,circularity,convexity,concavity
Geum montanum,1930142258,1902,6,10,1902-06-10,161,40.862289,-73.877023,NA,NA,NA,NA,17,0.52,5.14,1.58,0.71,0.871795,0.28267,0.80495,0.19505
Geum montanum,1935690640,2007,6,24,2007-06-24,175,47.26722,14.35889,1860,NA,100,NA,37,0.2,2.57,0.84,0.53,0.978723,0.497239,0.886348,0.113652
Geum montanum,2575267071,1921,7,15,1921-07-15T00:00,196,46.809885,9.824985,1900,NA,319,1900m,10,1.83,7.664999999999999,2.9450000000000003,1.08,0.656182,0.341495,0.8673915,0.1326085
Geum montanum,2575267818,1895,7,2,1895-07-02T00:00,183,46.790531,9.767252,2654,NA,NA,2654 m,4,1.345,7.48,1.835,1.325,0.9860535,0.369465,0.8751105,0.12488950000000001
Geum montanum,2575267903,1910,5,30,1910-05-30T00:00,150,46.743051,9.839502,1800,NA,NA,1800 m,11,2.89,9.37,2.51,1.74,1.036866,0.486043,0.913266,0.086734
Geum montanum,2575268357,1913,8,3,1913-08-03T00:00,215,46.72242,9.871449,2650,NA,NA,2650m,12,2.075,6.635,1.8599999999999999,1.5699999999999998,1.179779,0.5515915,0.924668,0.075332
Geum montanum,2575268446,1910,5,12,1910-05-12T00:00,132,46.803876,9.816356,1900,NA,250,1900m,1,3.54,9.83,2.29,2.23,1.038922,0.460099,0.894399,0.105601
Geum montanum,2575268713,1879,7,NA,1879-07,NA,46.914227,9.741272,NA,NA,8095,NA,21,2.47,10.71,2.4,1.91,1.05641,0.41411,0.874448,0.125552
Geum montanum,2575269147,1893,7,25,1893-07-25T00:00,206,46.707405,9.89604,2681,81,348,2600-2762m,1,0.47,3.23,1.2,0.58,1.970588,0.56602,0.950428,0.049572
Geum montanum,2598800798,1861,7,5,1861-07-05,186,46.453435,5.625,1800,0,376344,1800 m,35,1.13,5.89,1.73,1.15,1.0625,0.458576,0.876438,0.123562
Geum montanum,3053475111,2019,5,7,2019-05-07,127,34.05429,-118.26503,NA,NA,300,NA,21,2.34,11.36,2.98,1.44,0.876056,0.205755,0.735889,0.264111
Geum montanum,3383278501,1870,NA,NA,1870,NA,46.156388,7.078889,1982,NA,NA,NA,11,2.81,9.63,2.5,1.81,0.840491,0.413255,0.868259,0.131741
Geum montanum,3383278565,1941,7,20,1941-07-20T00:00,201,46.395,7.588358,2295,NA,NA,NA,10,2.05,7.25,2.195,1.315,0.9435745,0.470742,0.8891825,0.1108175
Geum montanum,3383278915,1978,7,8,1978-07-08T00:00,189,46.251666,8.009444,2182,NA,NA,NA,12,3.41,9.129999999999999,2.59,1.9,0.9912785,0.49664450000000004,0.89895100000000006,0.101049
Geum montanum,3383278952,1946,7,16,1946-07-16T00:00,197,45.990555,7.753889,2605,NA,NA,2610 m,5,1.48,6.2,1.82,1.33,1.058824,0.446562,0.864228,0.135772
Geum montanum,3383279005,1907,7,17,1907-07-17T00:00,198,45.893333,7.186111,2022,NA,NA,2000 m,18,1.625,6.135,1.68,1.335,0.91317,0.47941900000000004,0.9018915000000001,0.0981085
Geum montanum,3383279025,1974,6,2,1974-06-02T00:00,153,46.2075,7.868611,2126,NA,NA,NA,11,1.68,6.98,2.03,1.49,1.011583,0.431592,0.88918,0.11082
Geum montanum,3383279502,1870,7,6,1870-07-06T00:00,187,45.869125,7.152435,2373,NA,826,NA,29,1.9,7.67,2.14,1.54,0.937984,0.426178,0.866253,0.133747
Geum montanum,3383280015,1932,8,17,1932-08-17T00:00,230,46.266111,8.072222,2606,NA,NA,2600 m,3,2.26,7.72,2.1,1.57,1.140969,0.450854,0.907545,0.092455
Geum montanum,3383280045,1946,7,6,1946-07-06T00:00,187,46.100277,7.392222,2004,NA,NA,2000 m,17,2.12,6.97,2.1,1.68,1.148148,0.336084,0.80946,0.19054
Geum montanum,3383280426,1932,7,29,1932-07-29T00:00,211,45.983611,7.765556,2799,NA,NA,2800 m,10,0.725,4.385,1.46,0.845,1.1488485,0.5097594999999999,0.908936,0.091064
Geum montanum,3383280503,1878,8,14,1878-08-14T00:00,226,45.989167,7.758611,2665,NA,NA,NA,14,1.6,6.945,1.755,1.395,1.090292,0.410115,0.8809755,0.1190245
Geum montanum,3383280511,1874,6,NA,1874-06,NA,46.026666,6.970278,2205,NA,NA,NA,18,4.395,10.715,2.99,2.175,1.0775155,0.458612,0.905596,0.09440399999999999
Geum montanum,3383280588,1917,7,18,1917-07-18T00:00,199,46.3975,7.595278,2296,NA,NA,2300 m,2,2.385,8.364999999999998,2.185,1.795,1.026659,0.432134,0.8762505,0.12374950000000001
Geum montanum,3383280927,1897,6,8,1897-06-08T00:00,159,46.298611,7.9475,844,NA,NA,850 m,5,2.69,7.92,2.2,1.7,0.793785,0.548034,0.941128,0.058872
Geum montanum,3383281577,1895,7,17,1895-07-17T00:00,198,46.196388,7.688611,2298,NA,NA,2300 m,10,1.615,6.109999999999999,1.615,1.4100000000000001,1.0724580000000001,0.49824799999999997,0.8951899999999999,0.10481
Geum montanum,3383281634,1896,6,18,1896-06-18T00:00,170,46.239166,7.653333,3006,NA,NA,NA,2,2.5149999999999997,9.565,2.42,1.74,0.986783,0.3525045,0.8509435000000001,0.1490565
Geum montanum,3383281648,1917,5,27,1917-05-27T00:00,147,46.118888,6.994444,1760,NA,NA,NA,3,5.02,13.22,3.04,2.8,0.939759,0.469841,0.92629,0.07371
Geum montanum,3383282542,1937,8,9,1937-08-09T00:00,221,46.321457,8.094995,2600,NA,NA,NA,5,3.57,11.15,3.15,2,0.89038,0.447103,0.855422,0.144578
Geum montanum,3383282594,1846,NA,NA,1846,NA,46.019166,7.745833,1624,NA,NA,NA,7,1.27,6.08,1.85,0.98,0.844444,0.400947,0.86551,0.13449
Geum montanum,3383282921,1880,5,21,1880-05-21T00:00,142,46.118333,7.2,2433,NA,NA,2450 m,15,3.24,10.11,2.63,1.96,0.860215,0.449608,0.877144,0.122856
Geum montanum,3383282974,1883,8,NA,1883-08,NA,46.019167,7.745833,1624,NA,NA,NA,5,1.7,6.81,2.14,1.35,0.887029,0.507724,0.893382,0.106618
Geum montanum,3383283005,1953,5,24,1953-05-24T00:00,144,46.207777,7.865278,2078,NA,NA,2100 m,10,1.65,6.525,1.755,1.41,1.072894,0.5466409999999999,0.9200919999999999,0.079908
Geum montanum,3383283933,1948,5,NA,1948-05,NA,46.122222,7.931944,1706,NA,NA,1700 m,16,2.5250000000000004,8.315,2.3200000000000003,1.71,1.002463,0.35846849999999997,0.865278,0.134722
Geum montanum,3383284461,1903,8,NA,1903-08,67,46.00415,7.742872,1916,NA,NA,2500 m,19,1.47,6.42,1.76,1.4,1.022727,0.503628,0.901028,0.098972
Geum montanum,3383284861,1948,7,2,1948-07-02T00:00,184,46.098055,7.929722,2107,NA,NA,NA,20,2.205,8.84,2.315,1.755,1.0293325,0.348861,0.8269725,0.1730275
Geum montanum,3383284908,1979,6,3,1979-06-03T00:00,154,46.291944,7.777222,1319,NA,NA,NA,9,2.97,7.92,2.47,1.82,0.966258,0.455413,0.885783,0.114217
Geum montanum,3383285498,1902,NA,NA,1902,NA,45.983611,7.782778,3099,NA,NA,NA,17,1.23,7.16,1.93,1.41,0.965347,0.374166,0.861233,0.138767
Geum montanum,3383285625,1895,7,NA,1895-07,NA,46.217777,7.680278,2498,NA,NA,2500 m,8,1.915,6.9350000000000005,1.84,1.53,1.0731815,0.465302,0.8974085,0.1025915
Geum montanum,3383286097,1905,6,13,1905-06-13T00:00,164,46.141667,7.075,1683,NA,NA,1680 m,24,2.77,8.665,2.285,1.91,0.9519960000000001,0.5158965,0.9035635,0.09643650000000001
Geum montanum,3383286507,1872,6,NA,1872-06,NA,46.246667,8.028333,1995,NA,NA,NA,22,1.585,6.915,1.9649999999999999,1.3399999999999999,0.8709795,0.4133315,0.8655634999999999,0.13443650000000001
Geum montanum,3383286592,1957,7,26,1957-07-26T00:00,207,46.016111,7.431667,2860,NA,NA,NA,4,0.31,3.065,1.065,0.5700000000000001,0.8563590000000001,0.415454,0.827188,0.17281200000000002
Geum montanum,3383287491,1907,8,19,1907-08-19T00:00,231,45.983611,7.782778,3099,NA,NA,NA,7,1.08,5.04,1.56,1.08,1.320513,0.533717,0.913134,0.086866
Geum montanum,3383287898,1922,6,4,1922-06-04T00:00,155,46.109167,6.975833,1668,NA,NA,1670 m,24,2.705,8.57,2.3499999999999996,1.73,0.9399109999999999,0.417566,0.8777010000000001,0.122299
Geum montanum,3383287904,1887,8,26,1887-08-26T00:00,238,46.027499,7.965556,2189,NA,NA,2150 m,8,3.76,11.34,2.62,2.45,1.2725975,0.370621,0.834964,0.16503600000000002
Geum montanum,3383316558,2005,8,11,2005-08-11T00:00,223,46.178271,7.691885,2081,NA,NA,2090 m,4,1.12,4.8,1.46,1.045,0.7796935,0.5372425000000001,0.9255964999999999,0.0744035
Geum montanum,3383316574,1880,7,NA,1880-07,NA,46.416111,7.717222,2692,NA,NA,NA,3,1.54,6.27,1.85,1.33,1.309179,0.43571,0.894345,0.105655
Geum montanum,3383316604,1925,7,29,1925-07-29T00:00,210,46.005278,7.627222,2857,NA,NA,2860 m,1,0.37,3.24,0.99,0.63,1.619469,0.443186,0.887063,0.112937
Geum montanum,3383316994,1991,7,4,1991-07-04T00:00,185,46.394444,8.046667,2305,NA,NA,2300 m,5,2.94,11.58,2.69,2.02,1.190883,0.25067,0.774288,0.225712
Geum montanum,3383317767,1976,7,14,1976-07-14T00:00,196,46.5425,10.433056,2503,NA,NA,NA,28,2.11,8.094999999999999,2.09,1.645,0.9058165,0.399101,0.8733394999999999,0.1266605
Geum montanum,3383318465,1952,6,15,1952-06-15T00:00,167,46.000556,7.751667,2239,NA,NA,2240 m,20,4.835,12.315000000000001,3.145,2.54,1.0763725,0.404577,0.8929005000000001,0.1070995
Geum montanum,3383318938,1907,8,5,1907-08-05T00:00,217,45.936111,7.3875,2476,NA,NA,2470 m,5,1.67,6.63,1.77,1.54,0.996032,0.42468,0.893202,0.106798
Geum montanum,3383318965,1872,7,5,1872-07-05T00:00,187,45.872777,7.173611,2560,NA,NA,NA,21,3.97,11.46,2.96,2.19,0.842004,0.315417,0.834297,0.165703
Geum montanum,3383318966,1923,6,29,1923-06-29T00:00,180,45.8675,7.163633,2459,NA,NA,2450 m,12,3.705,9.99,2.8049999999999997,1.92,0.889491,0.398274,0.8879105,0.11208950000000001
Geum montanum,3383319508,1925,6,13,1925-06-13T00:00,164,46.251389,7.845556,2051,NA,NA,2050 m,7,0.42,3.69,1.5,0.48,0.682464,0.406726,0.902959,0.097041
Geum montanum,3383319532,2005,8,7,2005-08-07T00:00,219,46.138381,7.954639,2347,NA,NA,2360 m,3,2.91,8.74,2.66,1.71,0.811966,0.479843,0.91319,0.08681
Geum montanum,3383319596,1908,8,2,1908-08-02T00:00,215,45.884722,7.1895,2201,NA,NA,2200 m,7,1.94,9.13,2.19,1.86,0.93913,0.383125,0.878699,0.121301
Geum montanum,3383319609,1904,7,20,1904-07-20T00:00,202,46.272778,8.062778,2194,NA,NA,NA,10,4.205,12.955,2.98,2.145,1.032108,0.31516,0.8713625,0.12863750000000002
Geum montanum,3383319903,1985,6,24,1985-06-24T00:00,175,46.028365,7.212636,2120,NA,NA,2100 - 2140 m,21,1.77,6.82,2.13,1.36,0.963855,0.41818,0.835645,0.164355
Geum montanum,3383319946,1887,7,3,1887-07-03T00:00,184,46.363055,7.6375,2005,NA,NA,2000 m,7,2.18,7.76,2.24,1.59,1.166667,0.4157,0.890918,0.109082
Geum montanum,3383320021,1949,6,6,1949-06-06T00:00,157,46.205,7.863611,2047,NA,NA,2040 m,25,1.31,5.91,1.73,1.25,0.961039,0.424868,0.881495,0.118505
Geum montanum,3383320578,1892,7,NA,1892-07,NA,46.156389,7.291389,2442,NA,NA,NA,12,3.3449999999999998,9.135000000000002,2.6,1.94,0.8291855,0.5643245,0.919694,0.080306
Geum montanum,3383320623,1895,7,17,1895-07-17T00:00,198,46.196388,7.688611,2298,NA,NA,2300 m,19,1.9,6.7,1.91,1.53,1.04902,0.428884,0.879259,0.120741
Geum montanum,3383321062,1916,7,NA,1916-07,NA,46.061111,7.997778,2302,NA,NA,2300 m,6,2.15,7.38,1.97,1.645,0.857891,0.50529,0.907635,0.092365
Geum montanum,3383321480,1923,7,17,1923-07-17T00:00,198,46.366111,7.966111,2010,NA,NA,NA,9,1.78,5.68,1.57,1.47,1.244275,0.642759,0.927967,0.072033
Geum montanum,3383321524,1885,7,23,1885-07-23T00:00,204,46.016848,7.326336,1744,NA,2079,NA,8,5.25,10.445,3.09,2.36,1.0275954999999999,0.57267,0.9367285000000001,0.06327150000000001
Geum montanum,3383322059,1981,8,18,1981-08-18T00:00,230,46.092222,7.898611,2451,NA,NA,2450 m,8,2.375,7.505000000000001,2.23,1.37,1.5477910000000001,0.4430465,0.8788975,0.1211025
Geum montanum,3383324430,1888,8,25,1888-08-25T00:00,238,46.039444,7.962222,2189,NA,NA,NA,15,4.77,14.38,3.16,2.71,0.973236,0.279088,0.860452,0.139548
Geum montanum,3383324484,1871,7,26,1871-07-26T00:00,207,46.431388,8.094167,2919,NA,NA,NA,11,2.79,9.74,2.34,1.85,1.181132,0.379036,0.851756,0.148244
Geum montanum,3383324871,1982,6,29,1982-06-29T00:00,180,46.110277,7.638333,2020,NA,NA,1800 - 2200 m,16,4.24,10.48,2.67,2.39,1.014674,0.3938775,0.860355,0.13964500000000002
Geum montanum,3383324896,1907,7,5,1907-07-05T00:00,186,45.992222,7.706111,2541,NA,NA,NA,14,2.515,7.465,2.165,1.77,0.9197715,0.4648055,0.8935625,0.10643749999999999
Geum montanum,3383324906,1876,8,18,1876-08-18T00:00,231,45.939444,7.384722,2502,NA,NA,2500 m,9,2.62,8.58,2.32,1.81,1.076923,0.447304,0.908173,0.091827
Geum montanum,3383325509,1905,6,NA,1905-06,126,46.00415,7.742872,1916,NA,NA,NA,3,2.02,6.36,1.93,1.75,0.9,0.551658,0.914174,0.085826
Geum montanum,3383325550,1914,7,NA,1914-07,NA,46.2525,7.593889,1965,NA,NA,NA,12,1.19,6.49,2.025,0.975,1.048209,0.384286,0.8267905,0.17320950000000002
Geum montanum,3383325630,1889,6,10,1889-06-10T00:00,161,46.1025,7.618333,2451,NA,NA,NA,3,0.96,5.63,1.57,1.08,0.921296,0.35324,0.812969,0.187031
Geum montanum,3383325933,1982,7,1,1982-07-01T00:00,182,46.144156,7.594702,2551,NA,NA,2450 - 2800 m,6,2.7750000000000004,10.425,2.4299999999999997,1.835,1.2296065,0.2928595,0.833118,0.166882
Geum montanum,3383325970,1888,7,23,1888-07-23T00:00,205,46.605278,9.221111,2157,NA,NA,2150 m,15,1.56,6.56,1.83,1.34,0.891667,0.510362,0.915289,0.084711
Geum montanum,3383326449,1918,7,19,1918-07-19T00:00,200,46.260833,7.603611,2351,NA,NA,2300 - 2400 m,23,1.56,6.32,1.86,1.43,0.978448,0.491461,0.903936,0.096064
Geum montanum,3383326452,1950,8,9,1950-08-09T00:00,221,46.075,7.948056,2405,NA,NA,2400 m,16,1.52,7.484999999999999,1.755,1.3900000000000001,0.9887225,0.3530695,0.8635565000000001,0.1364435
Geum montanum,3383326828,1982,6,30,1982-06-30T00:00,181,46.151388,7.635278,NA,NA,NA,2100 - 2400 m,15,3.35,9.47,2.64,1.96,1.022472,0.358072,0.820465,0.179535
Geum montanum,3383330595,2005,8,2,2005-08-02T00:00,214,46.021831,7.725264,2594,NA,NA,2600 m,4,1.075,5.3,1.455,1.1549999999999998,0.9177575,0.4620575,0.8875915000000001,0.1124085
Geum montanum,3383330676,1832,7,NA,1832-07,NA,46.411465,7.621032,2207,NA,NA,NA,4,2.75,8.33,2.395,1.95,0.9578850000000001,0.47322600000000004,0.8885315,0.1114685
Geum montanum,3383330704,1887,7,27,1887-07-27T00:00,208,46.12883,7.919769,2045,NA,NA,NA,5,0.49,3.07,0.98,0.72,1.264957,0.530152,0.916279,0.083721
Geum montanum,3383330961,1948,5,28,1948-05-28T00:00,149,46.103056,7.901667,2507,NA,NA,NA,19,2.65,8.21,2.34,1.87,1.079585,0.367545,0.865042,0.134958
Geum montanum,3383330986,1985,6,24,1985-06-24T00:00,175,46.028365,7.212636,2120,NA,NA,2100 - 2140 m,21,2.12,8.03,2.31,1.58,1.063604,0.404136,0.866246,0.133754
Geum montanum,3383332525,1904,7,15,1904-07-15T00:00,197,46.405277,7.6125,NA,NA,NA,NA,35,1.14,5.41,1.64,1.11,1.054645,0.52502,0.906652,0.093348
Geum montanum,3383332687,1895,7,18,1895-07-18T00:00,199,46.212222,7.720556,2296,NA,NA,2300 m,6,2.935,9.739999999999998,2.4050000000000002,1.915,1.1335565,0.381591,0.8721355,0.1278645
Geum montanum,3383333032,1917,9,7,1917-09-07T00:00,250,45.948056,7.361944,2001,NA,NA,2000 m,6,6.385,12.08,3.02,2.5300000000000002,0.765231,0.305923,0.8306534999999999,0.1693465
Geum montanum,3383333129,1945,7,22,1945-07-22T00:00,203,46.094871,7.936061,2343,NA,NA,2370 m,34,3.215,9.805,2.62,1.83,0.7792185,0.37527350000000004,0.8643565,0.1356435
Geum montanum,3883980343,2018,6,20,2018-06-20,171,47.784722,14.315556,1880,NA,50,NA,19,8.01,18.78,3.76,2.83,0.894144,0.301351,0.817969,0.182031
Geum montanum,4423627318,1961,8,13,1961-08-13T00:00,225,46.096317,7.591843,2500,NA,449,2500m,6,4.99,11.245,2.8600000000000003,2.13,0.7905785000000001,0.4550145,0.8965685,0.1034315
Geum montanum,4511798681,2018,5,12,2018-05-12,132,47.20979,15.06782,1525,NA,100,NA,21,3.88,10.15,2.83,2.15,0.933162,0.405605,0.904305,0.095695
Geum montanum,4869256460,1988,6,24,1988-06-24T00:00,176,46.639876,9.525082,1980,NA,630,1980m,20,3.2199999999999998,9.075,2.305,2.1,0.9554199999999999,0.5171969999999999,0.913162,0.086838
Geum montanum,4997679002,1955,6,28,1955-06-28,179,47.725,15.708333,NA,NA,2500,NA,18,1.325,6.720000000000001,2.0300000000000002,1.25,0.6744075,0.41843600000000003,0.8592265,0.1407735
Geum montanum,4997682202,1955,6,28,1955-06-28,179,47.725,15.708333,1600,NA,2500,NA,13,5.17,12.91,3,2.45,0.905495,0.425835,0.886206,0.113794
Geum montanum,4997688727,1998,7,1,1998-07-01,182,46.875,10.708333,2500,NA,2500,NA,23,2.46,9.26,2.24,1.48,0.83165,0.400313,0.863603,0.136397
Geum montanum,5004408655,1965,6,29,1965-06-29,180,47.53306,14.97278,1400,NA,500,NA,3,1.57,7.44,1.82,1.57,1.08,0.357022,0.840692,0.159308
Geum montanum,5058126380,1902,8,4,1902-08-04T00:00,216,46.880742,9.714278,NA,NA,NA,NA,10,1.725,5.955,1.705,1.42,1.0740435,0.560694,0.9118035,0.08819650000000001
Geum montanum,5058128367,1903,7,18,1903-07-18T00:00,199,46.889703,9.72092,NA,NA,NA,NA,8,3.2750000000000004,10.75,3.045,1.99,0.840545,0.379123,0.8479345,0.15206550000000002
Geum montanum,5887172303,1907,7,6,1907-07-06T00:00,187,46.448904,9.601451,2554,NA,778,NA,2,1.4649999999999999,5.615,1.65,1.21,0.8235535,0.583907,0.934663,0.065337
Geum montanum,5887172306,1899,7,31,1899-07-31T00:00,212,46.556841,10.070279,2689,NA,NA,NA,8,3.9050000000000002,11.04,2.98,2.25,0.885867,0.4035655,0.8734234999999999,0.1265765
Geum montanum,5887172307,1905,8,25,1905-08-25T00:00,237,46.516953,9.904974,2200,NA,NA,2200m,19,2.8,9.82,2.37,1.81,0.958042,0.380425,0.889741,0.110259
Geum montanum,5887172308,1913,10,12,1913-10-12T00:00,285,46.814566,9.992883,2000,NA,611,2000m,4,3.1449999999999996,8.54,2.585,1.79,0.7586175,0.467842,0.9035255,0.0964745
Geum montanum,5887172310,1874,7,20,1874-07-20T00:00,201,46.500612,9.095221,2310,NA,NA,NA,5,1.07,7.67,1.94,1.32,1.061433,0.370746,0.867137,0.132863
Geum montanum,5887172311,1897,4,30,1897-04-30T00:00,120,46.544851,9.234788,1752,NA,247,1750m,16,2.285,8.185,2.125,1.725,0.948288,0.475927,0.9133560000000001,0.086644
Geum montanum,5887172313,1916,6,1,1916-06-01T00:00,153,46.490403,9.825027,1960,NA,489,NA,9,3.41,9.95,2.76,1.85,0.890995,0.434933,0.878305,0.121695
Geum montanum,5887172329,1913,6,15,1913-06-15T00:00,166,46.523417,9.90782,2400,NA,738,2400m,8,2.4400000000000004,8.65,2.23,1.6749999999999998,0.9976635,0.38047949999999997,0.867096,0.132904
Geum montanum,5887172340,1889,8,1,1889-08-01T00:00,213,46.917065,9.733893,1000,NA,1900,1000m,18,1.675,6.75,1.9300000000000002,1.3450000000000002,1.1077400000000002,0.3980585,0.8727195,0.12728050000000002
Geum montanum,5887172341,1878,7,10,1878-07-10T00:00,191,46.62284,9.797045,2600,NA,464,2600m,12,4.225,12.475000000000001,2.92,2.205,1.1635309999999999,0.353914,0.865722,0.134278
Geum montanum,5887172344,2005,7,29,2005-07-29T00:00,210,46.733677,10.192577,2050,NA,NA,2050m,7,1.96,7.26,2.39,1.35,1.181818,0.469989,0.872207,0.127793
Geum montanum,5887172347,2005,7,27,2005-07-27T00:00,208,46.726213,10.125506,2690,NA,NA,2690m,9,3.69,12.8,3.06,1.92,0.962637,0.329004,0.781874,0.218126
Geum montanum,5887172349,1903,7,22,1903-07-22T00:00,203,46.640634,10.328472,NA,NA,728,NA,12,0.64,4.67,1.475,0.65,0.9073485,0.430447,0.888522,0.111478
Geum montanum,5887172357,1960,5,9,1960-05-09T00:00,130,46.850344,9.270272,1500,NA,345,1500m,6,2.645,8.575,2.2399999999999998,1.905,1.2181895,0.397543,0.8776215,0.1223785
Geum montanum,5887172362,1909,5,28,1909-05-28T00:00,148,46.762706,8.887297,NA,NA,4494,NA,20,1.65,6.744999999999999,1.92,1.45,0.9248400000000001,0.44662999999999997,0.8879090000000001,0.112091
Geum montanum,5887172369,1914,6,3,1914-06-03T00:00,154,46.374201,10.0317,2092,NA,NA,NA,12,1.98,7.295,1.8900000000000001,1.49,0.966805,0.4729445,0.8802814999999999,0.1197185
Geum montanum,5887172374,1888,6,NA,1888-06,NA,46.762747,8.87633,1600,NA,NA,1600m,14,4.145,12.415,3.145,2.205,1.0706255,0.383608,0.8726455,0.1273545
Geum montanum,5887172383,1875,7,NA,1875-07,NA,47.054354,9.813853,NA,NA,NA,NA,10,0.9949999999999999,5.515000000000001,1.645,0.96,1.1321945,0.3914395,0.881607,0.118393
Geum montanum,5887172384,1985,7,12,1985-07-12T00:00,193,46.958976,10.37174,1940,NA,NA,1940m,7,1.44,8.41,2.44,1.17,0.798742,0.308228,0.780561,0.219439
Geum montanum,5887172386,1852,11,4,1852-11-04T00:00,309,46.536116,9.751279,2438,NA,1805,8000',3,0.9,4.7,1.25,1.07,1.145455,0.457326,0.915921,0.084079
Geum montanum,5887172387,1850,7,NA,1850-07,NA,46.545063,9.804984,2821,NA,6375,NA,5,5.5,12.39,3.88,2.51,1.711286,0.378446,0.89403,0.10597
Geum montanum,5887172391,1841,7,NA,1841-07,NA,46.668868,10.072697,NA,NA,44218,NA,12,1.8199999999999998,6.425000000000001,1.98,1.4649999999999999,1.1052685,0.491364,0.9125325,0.0874675
Geum montanum,5887172399,1919,6,26,1919-06-26T00:00,177,46.333816,9.647212,2169,NA,548,NA,9,1.56,8.94,2.03,1.57,1.056689,0.408599,0.88464,0.11536
Geum montanum,5887172400,1915,5,23,1915-05-23T00:00,143,46.490404,9.825027,1960,NA,489,NA,10,2.385,8.795,2.165,1.85,1.0213455,0.4850635,0.878107,0.121893
Geum montanum,5887172404,1885,7,NA,1885-07,NA,46.872631,9.881846,1217,NA,NA,NA,8,0.605,3.395,1.065,0.8,1.100071,0.614344,0.9296475,0.0703525
Geum montanum,5887172407,1902,8,NA,1902-08,39,46.918231,9.643233,NA,NA,NA,NA,7,2.8,8.92,2.18,2.01,1.142259,0.43115,0.893555,0.106445
Geum montanum,5887172408,1930,7,NA,1930-07,NA,46.855559,9.57797,1750,NA,859,1750m,16,3.76,9.85,2.635,1.915,1.001929,0.481421,0.9127305,0.0872695
Geum montanum,5887172409,1893,6,19,1893-06-19T00:00,170,46.540669,9.895822,1750,NA,419,NA,21,2.75,8.64,2.33,1.78,1.065934,0.449851,0.889015,0.110985
Geum montanum,5887172411,1904,7,19,1904-07-19T00:00,201,46.728142,9.554059,NA,NA,NA,NA,12,2.435,7.255,2.355,1.83,0.6676139999999999,0.408856,0.8587009999999999,0.141299
Geum montanum,5887172413,1923,7,5,1923-07-05T00:00,186,46.462608,9.210908,2000,NA,486,2000m,8,3.7399999999999998,11.030000000000001,3.15,2,1.1212145,0.44733449999999997,0.9077665,0.0922335
Geum montanum,5887172419,1930,7,NA,1930-07,NA,46.855559,9.57797,1750,NA,859,1750m,23,2.2,7.51,2.07,1.55,0.982544,0.414487,0.895922,0.104078
Geum montanum,5887172421,1902,8,24,1902-08-24T00:00,236,46.654573,10.233112,NA,NA,11717,NA,10,2.245,7.575,2.205,1.4300000000000002,0.9374885,0.4611305,0.8902384999999999,0.1097615
Geum montanum,5887172423,1884,7,23,1884-07-23T00:00,205,46.476642,9.509873,2060,NA,297,2060m,19,2.93,8.64,2.32,1.72,0.971014,0.459663,0.901546,0.098454
Geum montanum,5887172424,1888,8,11,1888-08-11T00:00,224,46.582777,9.845175,NA,NA,4530,NA,8,1.645,9.17,1.98,1.4449999999999998,1.08362,0.3830165,0.8406345,0.1593655
Geum montanum,5887172431,1899,7,30,1899-07-30T00:00,211,46.69272,9.920264,2610,NA,NA,NA,8,1.8399999999999999,6.625,1.86,1.455,0.8316615,0.456677,0.912954,0.087046
Geum montanum,5887172432,1903,7,11,1903-07-11T00:00,192,46.786791,9.831208,1887,NA,255,NA,6,1.055,5.005,1.5750000000000002,0.805,0.8616165,0.4258185,0.8848945,0.1151055
Geum montanum,5887172433,1884,7,25,1884-07-25T00:00,207,46.496416,9.559413,2400,NA,1416,2400m,20,3.1950000000000003,10.754999999999999,3.075,1.98,1.2227459999999999,0.43729799999999996,0.8722665000000001,0.1277335
Geum montanum,5887172438,1906,8,6,1906-08-06T00:00,218,46.429783,10.022165,2500,NA,1184,2500m,16,6.785,14.475000000000001,3.65,3.005,0.9944089999999999,0.3432,0.863586,0.13641399999999998
Geum montanum,5887172439,1909,6,15,1909-06-15T00:00,166,46.475448,9.828661,NA,NA,574,NA,15,1.89,7.06,2.2,1.18,0.934959,0.475836,0.910828,0.089172
Geum montanum,5887172440,1879,8,29,1879-08-29T00:00,241,46.410926,10.027645,2329,NA,NA,NA,9,2.54,8.6,2.46,1.75,0.888889,0.530082,0.911228,0.088772
Geum montanum,5887172441,1946,6,19,1946-06-19T00:00,170,46.629803,9.746399,1362,NA,NA,NA,15,3.84,8.6,2.54,2.1,1.057199,0.605866,0.938511,0.061489
Geum montanum,5887172442,2005,7,12,2005-07-12T00:00,193,46.494387,9.224801,2260,NA,NA,2260m,8,0.22,2.23,0.735,0.48,0.8260080000000001,0.48823950000000005,0.8751880000000001,0.124812
Geum montanum,5887172446,1915,5,16,1915-05-16T00:00,136,46.824081,9.518104,NA,NA,NA,NA,6,4.175,10.74,2.76,2.33,1.140293,0.46296499999999996,0.894826,0.10517399999999999
Geum montanum,5887172454,1889,7,13,1889-07-13T00:00,194,46.582776,9.845175,2296,NA,4530,NA,8,3.755,10.315,2.745,2.13,1.120771,0.40551649999999995,0.8940505,0.1059495
Geum montanum,5887172466,1913,6,15,1913-06-15T00:00,166,46.843175,9.923274,2000,NA,401,2000m,13,4.14,11.8,3.03,2.17,0.858144,0.338384,0.8164,0.1836
Geum montanum,5887172469,1985,7,12,1985-07-12T00:00,193,46.958976,10.37174,1940,NA,NA,1940m,8,3.38,9.375,2.8949999999999996,2.005,1.3286105,0.472506,0.8712420000000001,0.128758
Geum montanum,5887172473,1919,6,NA,1919-06,NA,46.878746,9.876052,1420,NA,1867,1420m,18,2.245,7.885,2.0999999999999996,1.645,0.9876510000000001,0.386102,0.8918285,0.1081715
Geum montanum,5887172474,1913,6,15,1913-06-15T00:00,166,46.843175,9.923274,2000,NA,401,2000m,17,3.14,9.9,2.85,1.72,1.102302,0.3494,0.893903,0.106097
Geum montanum,5887172477,1984,7,25,1984-07-25T00:00,207,46.754171,9.546552,1675,25,248,1650-1700m,16,5.12,11.379999999999999,3,2.2649999999999997,0.9682729999999999,0.422283,0.880235,0.11976500000000001
Geum montanum,5887172478,1918,7,NA,1918-07,NA,46.403364,10.068625,1877,NA,407,NA,18,1.52,6.425000000000001,2,1.395,0.8616405,0.4673175,0.8917425000000001,0.1082575
Geum montanum,5887172480,1914,6,1,1914-06-01T00:00,152,46.220513,9.205169,1840,NA,299,1840m,21,2.16,7.56,2.12,1.58,0.918919,0.517625,0.911525,0.088475
Geum montanum,5887172481,1901,6,14,1901-06-14T00:00,165,46.805205,9.570937,2013,NA,535,NA,3,1.69,8.38,2.18,1.33,1.209924,0.349873,0.883663,0.116337
Geum montanum,5887172487,1884,7,23,1884-07-23T00:00,205,46.476642,9.509873,2050,NA,297,2050m,24,2.2649999999999997,8.42,2.12,1.71,1.159117,0.4595845,0.9044555000000001,0.0955445
Geum montanum,5887172492,1901,6,28,1901-06-28T00:00,179,46.816063,9.870125,2200,NA,NA,2200m,7,2.14,10.18,2.23,1.54,0.508366,0.343994,0.81249,0.18751
Geum montanum,5887172495,1918,7,20,1918-07-20T00:00,201,46.463772,9.501612,2300,NA,658,2300m,17,1.9,8.08,1.86,1.42,0.99422,0.539664,0.920997,0.079003
Geum montanum,5887172496,1857,8,NA,1857-08,NA,46.615365,9.710727,NA,NA,NA,NA,2,2.13,9.68,2.355,1.57,0.9204140000000001,0.295257,0.8175844999999999,0.1824155
Geum montanum,5887172501,1899,7,30,1899-07-30T00:00,211,46.69272,9.920264,2610,NA,NA,NA,9,5.08,13.66,3.38,2.65,0.908023,0.34635,0.867508,0.132492
Geum montanum,5887172508,1884,7,NA,1884-07,NA,46.463655,9.512596,NA,NA,1076,NA,6,2.5300000000000002,7.765,2.175,1.6800000000000002,1.061971,0.5019979999999999,0.89873,0.10127
Geum montanum,5887172513,1981,6,17,1981-06-17T00:00,168,46.792804,10.171826,2200,NA,437,2200m,18,3.55,11.035,2.76,1.9700000000000002,0.7720665,0.374423,0.8713204999999999,0.1286795
Geum montanum,5887172520,1879,7,NA,1879-07,NA,46.582352,9.83771,2310,NA,NA,2310m,13,1.7,6.63,1.88,1.31,1.13253,0.38697,0.87388,0.12612
Geum montanum,5887172524,1906,8,6,1906-08-06T00:00,218,46.431634,10.027998,2700,NA,430,2700m,6,0.715,3.7,1.165,0.83,0.9223275,0.5491895,0.9140195,0.0859805
Geum montanum,5887172525,1902,7,17,1902-07-17T00:00,198,46.571576,10.431737,2249,NA,3590,NA,5,1.3,5.4,1.51,1.29,1.125899,0.557731,0.911711,0.088289
Geum montanum,5887172535,1930,5,21,1930-05-21T00:00,141,46.788538,9.071738,NA,NA,478,NA,16,1.485,6.895,1.81,1.26,1.0772054999999998,0.48816800000000005,0.9110100000000001,0.08899
Geum montanum,5887172536,1915,6,6,1915-06-06T00:00,157,46.478523,9.802166,NA,NA,354,NA,18,2.8499999999999996,9.26,2.2350000000000003,1.975,1.040066,0.446237,0.8888785,0.11112150000000001
Geum montanum,5887172539,1890,7,15,1890-07-15T00:00,196,46.428116,9.747913,NA,NA,460,NA,20,0.97,6.345000000000001,2.17,0.895,0.9239175,0.4336995,0.895598,0.104402
Geum montanum,5887172543,1905,8,14,1905-08-14T00:00,226,46.872765,9.881603,1215,NA,NA,NA,12,4.1850000000000005,9.925,3.2800000000000002,1.9649999999999999,0.8035705,0.4452275,0.8912979999999999,0.108702
Geum montanum,5887172544,2005,6,30,2005-06-30T00:00,181,46.642402,10.198296,2150,NA,NA,2150m,6,0.825,4.505,1.275,0.95,1.019722,0.3947295,0.847089,0.15291100000000002
Geum montanum,5887172545,1907,7,26,1907-07-26T00:00,207,46.754176,9.802194,NA,NA,NA,NA,6,3.52,10,2.425,2.02,1.0350225,0.482234,0.8909465,0.1090535
Geum montanum,5887172546,1883,7,NA,1883-07,NA,46.582777,9.845175,2296,NA,4530,NA,6,2.71,9.780000000000001,2.505,1.72,1.382263,0.430388,0.88924,0.11076
Geum montanum,5887172547,1903,7,14,1903-07-14T00:00,195,46.793818,9.599408,NA,NA,729,NA,2,1.6749999999999998,6.165,1.85,1.505,0.8521369999999999,0.5533319999999999,0.89645,0.10355
Geum montanum,5887172549,1913,8,21,1913-08-21T00:00,233,46.875683,9.964884,2400,NA,NA,2400m,6,2.47,8.57,2.365,1.6800000000000002,0.9187555000000001,0.376747,0.8610275000000001,0.1389725
Geum montanum,5887172550,1911,6,NA,1911-06,310,46.844298,9.916832,1900,NA,652,1900m,14,1.08,6.23,1.75,1,0.9183555,0.3200195,0.8223024999999999,0.1776975
Geum montanum,5887172557,1909,7,28,1909-07-28T00:00,209,46.942868,10.309618,2600,NA,468,2600m,16,1.055,5.25,1.705,1,1.1062775,0.5452915,0.9129155,0.08708450000000001
Geum montanum,5887172562,1912,6,4,1912-06-04T00:00,156,46.44577,9.937027,2043,NA,229,NA,4,3.235,8.835,2.96,1.855,0.8306709999999999,0.4362085,0.8929750000000001,0.10702500000000001
Geum montanum,5887172567,1913,7,13,1913-07-13T00:00,194,46.525552,9.899134,2371,NA,1589,NA,5,5.3,11.85,2.89,2.49,0.91358,0.417124,0.900268,0.099732
Geum montanum,5887172568,1908,7,29,1908-07-29T00:00,211,46.525552,9.899134,2371,NA,1589,NA,20,2.635,9.84,2.74,1.595,0.9572419999999999,0.3806835,0.8561445000000001,0.1438555
Geum montanum,5887172571,1884,7,21,1884-07-21T00:00,203,46.467641,9.51146,1960,NA,802,1960m,19,2.66,8.38,2.52,1.86,0.911765,0.504697,0.922539,0.077461
Geum montanum,5887172577,1914,6,1,1914-06-01T00:00,152,46.220863,9.208014,1900,NA,443,1900m,6,2.425,8.055,2.265,1.685,1.0981105,0.38914,0.8291554999999999,0.1708445
Geum montanum,5887172582,1930,7,NA,1930-07,NA,46.855559,9.57797,1750,NA,859,1750m,16,0.9249999999999999,5.125,1.5,1.08,0.663522,0.421051,0.857998,0.14200200000000002
Geum montanum,5887172585,1905,9,7,1905-09-07T00:00,250,46.410956,10.021516,2300,NA,NA,2300m,26,2.13,7.789999999999999,2.01,1.665,1.1001055,0.46148500000000003,0.896522,0.103478
Geum montanum,5887172590,1889,7,NA,1889-07,NA,46.582777,9.845175,2296,NA,4530,NA,4,3.085,8.9,2.365,1.9,1.332038,0.43540500000000004,0.904893,0.095107
Geum montanum,5887172592,1978,7,11,1978-07-11T00:00,192,46.812145,10.141739,2230,NA,2692,2230m,24,2.9299999999999997,10.305,2.72,1.94,0.984334,0.40021850000000003,0.8677619999999999,0.132238
Geum montanum,5887172594,1920,6,22,1920-06-22T00:00,174,46.380339,8.270697,2000,NA,NA,2000m,20,3.795,9.52,2.8899999999999997,2.045,0.99358900000000006,0.48568500000000003,0.8988855,0.1011145
Geum montanum,5887172596,1905,6,2,1905-06-02T00:00,153,46.444132,9.98047,2100,NA,785,2100m,10,2.1399999999999997,7.105,2.055,1.685,0.9241365,0.521994,0.917114,0.082886
Geum montanum,5887172598,1985,7,12,1985-07-12T00:00,193,46.958976,10.37174,1940,NA,NA,1940m,12,4.92,12.325,3.2199999999999998,2.5549999999999997,0.933019,0.40237049999999996,0.9025285000000001,0.09747149999999999
Geum montanum,5887172600,1909,5,31,1909-05-31T00:00,151,46.453983,9.93658,1900,NA,562,1900m,24,1.52,7.385,1.9900000000000002,1.335,1.052909,0.4292165,0.8781465,0.1218535
Geum montanum,5887172604,1984,7,30,1984-07-30T00:00,212,46.738895,9.597287,NA,NA,717,2650-2700m,12,1.48,7.07,1.9249999999999998,1.29,0.9743765,0.440206,0.889454,0.110546
Geum montanum,5887172611,2005,6,27,2005-06-27T00:00,178,46.658369,10.128389,2330,NA,NA,2330m,3,1.62,5.82,1.88,1.2,1.030418,0.542438,0.929382,0.070618
Geum montanum,5887172616,1878,6,NA,1878-06,NA,46.333593,10.099085,2847,NA,NA,NA,10,2.73,8.625,2.415,1.685,0.979636,0.4139685,0.8882490000000001,0.11175099999999999
Geum montanum,5887172618,1928,7,1,1928-07-01T00:00,183,46.633047,8.670662,2300,NA,NA,2300m,4,0.79,3.89,1.155,0.97,1.1161400000000001,0.5183015,0.9291555,0.0708445
Geum montanum,5887172621,1862,11,6,1862-11-06T00:00,310,46.537575,9.750438,2277,NA,1509,NA,11,2.44,9.18,2.26,1.62,0.927667,0.481227,0.900736,0.099264
Geum montanum,5887172622,1881,7,NA,1881-07,NA,46.668868,10.072697,NA,NA,44218,NA,10,2.585,7.955,2.255,1.75,1.0431,0.419315,0.886804,0.11319599999999999
Geum montanum,5887172624,1917,6,4,1917-06-04T00:00,155,46.211876,9.202798,2200,NA,NA,2200m,13,1.89,8.67,2.28,1.66,1.030691,0.409387,0.857714,0.142286
Geum montanum,5887172639,1917,9,24,1917-09-24T00:00,267,46.897375,9.467658,2600,NA,908,2600m,2,1.9249999999999998,6.125,1.85,1.5550000000000002,1.041799,0.6407345,0.9293735,0.07062650000000001
Geum montanum,5887172640,1931,6,10,1931-06-10T00:00,161,46.816287,9.808088,2483,NA,1138,NA,8,0.625,4.535,1.51,0.685,0.7186075000000001,0.4002405,0.8494269999999999,0.150573
Geum montanum,5887172641,1922,5,31,1922-05-31T00:00,151,46.509651,9.842505,NA,NA,538,NA,4,1.44,6.005,1.77,1.33,1.0781975,0.5203035,0.923307,0.076693
Geum montanum,5887172643,1964,6,11,1964-06-11T00:00,163,46.603589,9.399816,1870,NA,215,1870m,19,2.25,7.95,2.23,1.56,1.043147,0.385062,0.886005,0.113995
Geum montanum,5887172645,1908,7,10,1908-07-10T00:00,192,46.813097,10.152647,NA,NA,3675,NA,24,1.51,6.65,1.94,1.32,0.8368979999999999,0.4191955,0.892598,0.107402
Geum montanum,5887172653,1901,6,27,1901-06-27T00:00,178,46.642369,10.260022,NA,NA,1479,NA,8,4.3,10.565,2.96,2.105,1.0055705,0.394044,0.887347,0.112653
Geum montanum,5887172656,1915,6,4,1915-06-04T00:00,155,46.908911,9.83721,1600,NA,3519,1600m,8,1.095,5.845,1.975,0.885,1.251403,0.3509695,0.8345395,0.1654605
Geum montanum,5887172661,2005,7,9,2005-07-09T00:00,190,46.608321,8.691316,2380,NA,NA,2380m,9,3.87,9.55,2.61,1.5,0.976077,0.533731,0.922406,0.077594
Geum montanum,5887172663,1899,7,10,1899-07-10T00:00,191,46.449719,9.599692,NA,NA,583,NA,19,2.82,8.58,2.35,1.9,1.150655,0.477191,0.892338,0.107662
Geum montanum,5887172664,1894,5,3,1894-05-03T00:00,123,46.559863,10.431049,NA,NA,2681,NA,5,3.89,9.04,2.58,2.19,1.042945,0.536323,0.9133,0.0867
Geum montanum,5887172670,1926,7,9,1926-07-09T00:00,190,46.524686,9.860298,NA,NA,313,NA,16,5.645,11.64,3.165,2.685,1.1046114999999999,0.44553299999999996,0.896685,0.10331499999999999
Geum montanum,5887172674,2005,8,17,2005-08-17T00:00,229,46.636866,8.997663,2160,NA,NA,2160m,2,7.395,13.59,4.125,2.63,0.6743965000000001,0.5230005,0.92919,0.07081
Geum montanum,5887172675,1931,7,2,1931-07-02T00:00,183,46.764306,9.647728,1930,NA,326,NA,2,0.9649999999999999,4.949999999999999,1.45,1.005,1.219726,0.415397,0.861934,0.138066
Geum montanum,5887172677,1909,7,NA,1909-07,250,46.378203,9.706031,NA,NA,2301,NA,12,1.405,10.095,2.55,1.28,0.8117160000000001,0.3536635,0.8031145,0.1968855
Geum montanum,5887172684,1905,7,25,1905-07-25T00:00,206,46.471542,9.549134,NA,NA,303,2600m,5,1.66,7.89,2.33,1.18,1.096774,0.444542,0.888604,0.111396
Geum montanum,5887172686,1903,8,6,1903-08-06T00:00,218,47.020425,9.870495,2100,NA,970,2100 m,16,3.325,9.420000000000002,2.585,1.9449999999999998,1.0134365,0.44550049999999997,0.9001275,0.0998725
Geum montanum,5887172691,1909,7,15,1909-07-15T00:00,196,46.472229,9.7276,NA,NA,NA,NA,7,2.3,8.47,2.56,1.76,1.10241,0.510996,0.916713,0.083287
Geum montanum,5887172692,1871,6,NA,1871-06,NA,46.883143,9.471,2326,NA,3993,NA,7,1.8,6.64,2.13,1.47,0.951557,0.422946,0.888589,0.111411
Geum montanum,5887172694,1885,5,NA,1885-05,NA,46.552805,8.762287,NA,NA,NA,NA,1,0.97,4.41,1.49,1.13,0.770925,0.62819,0.936545,0.063455
Geum montanum,5887172695,1986,6,16,1986-06-16T00:00,167,46.445263,9.579496,2126,NA,NA,2126m,13,2.44,9.25,2.53,1.59,1.204868,0.480233,0.892834,0.107166
Geum montanum,5887172698,1911,6,5,1911-06-05T00:00,156,46.498173,9.83891,1841,NA,NA,NA,31,4.14,11.33,3.22,2.14,0.915948,0.390148,0.882098,0.117902
Geum montanum,5887172704,1903,7,29,1903-07-29T00:00,210,46.655106,10.137419,2617,NA,NA,NA,1,0.72,3.62,1.11,1,1.5,0.692108,0.967766,0.032234
Geum montanum,5887172707,1911,7,19,1911-07-19T00:00,200,46.412707,10.024996,2311,NA,304,2350m,16,0.365,4.46,1.25,0.46,0.9830775,0.33647499999999997,0.8424579999999999,0.15754200000000002
Geum montanum,5887172709,1899,7,16,1899-07-16T00:00,197,46.504831,9.826195,2272,NA,NA,NA,23,3.99,10.82,2.67,2.34,0.963235,0.405685,0.880976,0.119024
Geum montanum,5887172712,1890,6,26,1890-06-26T00:00,177,46.814533,9.983353,NA,NA,628,NA,6,2.745,9.245,2.33,1.79,1.4055849999999999,0.45337649999999996,0.9013925,0.0986075
Geum montanum,5887172713,1919,8,1,1919-08-01T00:00,213,46.729751,8.873358,2000,NA,947,2000m,7,2.78,8.75,2.33,1.83,1.047809,0.456872,0.907602,0.092398
Geum montanum,5887172715,1908,7,29,1908-07-29T00:00,211,46.858889,9.6428,NA,NA,NA,NA,7,0.23,2.93,0.73,0.43,0.717557,0.335916,0.806326,0.193674
Geum montanum,5887172717,1876,7,7,1876-07-07T00:00,189,46.483015,9.182828,NA,NA,3506,NA,14,2.32,8.2,2.465,1.4700000000000002,0.833459,0.4066325,0.847962,0.152038
Geum montanum,5887172721,1978,7,11,1978-07-11T00:00,192,46.812133,10.133057,2230,NA,2102,2230m,7,3.04,10.27,2.87,1.8,1.254125,0.398921,0.858993,0.141007
Geum montanum,5887172727,1933,8,9,1933-08-09T00:00,221,46.771149,9.620742,2400,NA,367,2400m,8,2.34,7.574999999999999,2.23,1.65,0.927798,0.515938,0.9242025,0.0757975
Geum montanum,5887172730,1913,5,9,1913-05-09T00:00,129,46.865521,9.918018,1477,NA,279,1477m,34,1.7149999999999999,7.095,2.025,1.48,0.9443305,0.443382,0.892965,0.10703499999999999
Geum montanum,5887172733,1907,8,4,1907-08-04T00:00,216,46.481695,9.532625,2489,NA,1033,NA,2,2.33,8.535,2.5149999999999997,1.455,0.808157,0.35162649999999995,0.7941255,0.20587450000000002
Geum montanum,5887172737,1897,5,12,1897-05-12T00:00,132,46.609567,10.370529,NA,NA,NA,NA,63,2.01,7.75,2.05,1.63,1,0.463307,0.887135,0.112865
Geum montanum,5887172742,1840,8,15,1840-08-15T00:00,228,46.49992,9.107905,NA,NA,1410,NA,14,2.925,8.555,2.395,1.925,1.1959935,0.465534,0.8903415,0.10965849999999999
Geum montanum,5887172744,1909,7,NA,1909-07,250,46.378203,9.706031,NA,NA,2301,NA,7,1.82,12.93,2.87,1.83,1,0.198936,0.812169,0.187831
Geum montanum,5887172745,1913,9,7,1913-09-07T00:00,250,46.775957,9.628205,2360,NA,143,2360m,13,1.78,8.21,2.08,1.41,1.020339,0.326609,0.83657,0.16343
Geum montanum,5887172747,1970,6,26,1970-06-26T00:00,177,46.640596,10.308057,2160,NA,182,2160m,5,2.47,9.37,2.9,1.79,0.976852,0.382285,0.893216,0.106784
Geum montanum,5887172748,1980,7,NA,1980-07,NA,46.857301,9.841745,2300,NA,732,2300m,18,1.2149999999999999,5.035,1.48,1.095,1.1123859999999999,0.4798435,0.9044865,0.0955135
Geum montanum,5887172751,1979,7,6,1979-07-06T00:00,187,46.547588,10.426954,NA,NA,640,NA,11,2.17,8.34,2.27,1.64,0.922897,0.451432,0.898832,0.101168
Geum montanum,5887172754,1945,7,14,1945-07-14T00:00,195,46.582563,9.837788,2313,NA,253,NA,4,1.4649999999999999,6.4350000000000005,1.915,1.275,1.0495545,0.4023025,0.8526914999999999,0.1473085
Geum montanum,5887172758,1973,7,20,1973-07-20T00:00,201,46.541924,10.433148,2502,NA,NA,NA,11,3.35,8.94,2.55,1.81,0.856369,0.421593,0.899639,0.100361
Geum montanum,5887172760,1889,7,13,1889-07-13T00:00,194,46.582777,9.845175,2296,NA,4530,NA,5,2.59,8.13,2.33,1.84,0.898917,0.48253,0.888614,0.111386
Geum montanum,5887172761,1909,7,29,1909-07-29T00:00,210,46.430432,10.022131,2650,NA,952,2650m,4,1.2650000000000001,6.414999999999999,1.655,1.17,1.2220550000000001,0.473987,0.8916645,0.1083355
Geum montanum,5887172765,1899,8,24,1899-08-24T00:00,236,46.974136,9.869553,2532,NA,412,2532m,10,1.7650000000000001,7.79,2.325,1.3599999999999999,1.0636805,0.3251235,0.8451015,0.1548985
Geum montanum,5887172766,1901,7,24,1901-07-24T00:00,205,46.604372,8.687321,2299,NA,1562,NA,8,2.96,8.29,2.225,1.935,1.026869,0.5139805,0.912311,0.087689
Geum montanum,5887172775,1902,7,30,1902-07-30T00:00,211,46.700759,10.149105,1997,NA,NA,NA,15,3.26,10.58,2.83,1.96,1.033898,0.355054,0.853331,0.146669
Geum montanum,5887172780,1918,6,15,1918-06-15T00:00,166,46.523218,9.906916,2547,NA,942,NA,27,2.53,8.87,2.21,1.88,1.033898,0.366964,0.867741,0.132259
Geum montanum,5887172781,1909,5,23,1909-05-23T00:00,143,46.504747,9.824592,2282,NA,478,NA,21,5.17,12.85,3.35,2.32,0.97076,0.366576,0.880228,0.119772
Geum montanum,5887172784,1868,9,1,1868-09-01T00:00,245,46.804921,9.048631,2000,100,579,1900 - 2100 m,20,1.7349999999999999,6.62,1.815,1.53,1.057194,0.47672899999999996,0.8974735,0.10252649999999999
Geum montanum,5887172792,1908,7,6,1908-07-06T00:00,188,46.525552,9.899134,2371,NA,1589,NA,24,1.54,6.91,2,1.47,1.0962844999999999,0.3087845,0.837378,0.162622
Geum montanum,5887172793,1923,6,10,1923-06-10T00:00,161,46.544657,9.807834,3094,NA,6420,NA,12,3.65,9.21,2.465,2.04,0.841592,0.46800600000000003,0.9004415,0.0995585
Geum montanum,5887172797,1914,6,26,1914-06-26T00:00,177,46.865414,9.604147,2080,NA,285,2080m,11,2.25,7.91,2.27,1.51,1.06051,0.483374,0.896754,0.103246
Geum montanum,5887172799,1901,5,21,1901-05-21T00:00,141,46.782604,9.866982,1700,NA,2666,1700m,9,2.26,8.75,2.34,1.6,1.090909,0.527508,0.927745,0.072255
Geum montanum,5887172800,1980,7,4,1980-07-04T00:00,186,46.794715,9.908975,1933,NA,NA,NA,6,3.77,10.395,2.585,2.285,0.8853059999999999,0.3710415,0.8619114999999999,0.1380885
Geum montanum,5887172801,1917,8,NA,1917-08,NA,46.833148,9.953552,1965,NA,466,NA,20,0.4,3.985,1.42,0.5700000000000001,0.7667390000000001,0.34159300000000004,0.801337,0.198663
Geum montanum,5887172807,1892,7,9,1892-07-09T00:00,191,46.955075,9.773065,1900,NA,1858,1900m,1,3.48,8.33,2.31,2.21,1.06079,0.629759,0.932781,0.067219
Geum montanum,5887172808,1840,8,15,1840-08-15T00:00,228,46.49992,9.107905,NA,NA,1410,NA,12,4.42,10.82,2.9,2.3600000000000003,0.8291355,0.3861365,0.8730195000000001,0.1269805
Geum montanum,5887172809,1937,7,18,1937-07-18T00:00,199,46.145412,9.105688,NA,NA,4987,NA,5,2.96,12.07,2.68,2.1,1.35474,0.289122,0.830986,0.169014
Geum montanum,5887172812,2005,7,11,2005-07-11T00:00,192,46.48155,9.151566,2160,NA,NA,2160m,6,0.64,5.225,1.4649999999999999,0.865,1.0543615000000002,0.32708000000000004,0.82205,0.17795
Geum montanum,5887172815,1932,7,15,1932-07-15T00:00,197,46.456454,9.540551,NA,NA,6659,NA,5,1.42,7.6,2.15,1.44,1.007042,0.388051,0.828943,0.171057
Geum montanum,5887172816,1881,8,3,1881-08-03T00:00,215,46.572532,8.814883,2600,NA,562,2600m,4,1.375,5.87,1.675,1.275,1.0036815,0.4423155,0.896969,0.103031
Geum montanum,5887172817,1908,7,29,1908-07-29T00:00,211,46.525552,9.899134,2371,NA,1589,NA,13,1.61,7.1,2.08,1.54,0.816165,0.398011,0.871297,0.128703
Geum montanum,5887172822,1873,8,6,1873-08-06T00:00,218,46.526606,9.788529,3097,NA,NA,NA,2,0.855,4.095,1.25,1.025,1.048128,0.637437,0.905653,0.09434699999999999
Geum montanum,5887172823,1895,6,13,1895-06-13T00:00,164,46.541611,9.85991,2100,NA,373,2100m,20,3.455,10.850000000000001,2.56,2.145,1.0713300000000001,0.4288245,0.8687005,0.1312995
Geum montanum,5887172825,1917,6,7,1917-06-07T00:00,158,46.490404,9.825027,1960,NA,489,NA,10,2.7249999999999996,10.655000000000001,2.83,2.01,1.106785,0.4515675,0.889038,0.110962
Geum montanum,5887172828,1977,7,2,1977-07-02T00:00,183,46.822826,9.846093,1710,NA,283,1710m,31,1.77,7.32,1.9,1.45,0.862843,0.430591,0.886423,0.113577
Geum montanum,5887172832,1985,7,12,1985-07-12T00:00,193,46.958976,10.37174,1940,NA,NA,1940m,12,2.7649999999999997,7.535,2.25,1.43,0.9965755000000001,0.5107325,0.900462,0.099538
Geum montanum,5887172833,1934,7,3,1934-07-03T00:00,184,46.515547,9.905405,NA,NA,3124,NA,14,1.335,5.825,1.795,1.21,0.801425,0.410848,0.875541,0.12445899999999999
Geum montanum,5887172835,1942,NA,NA,1942,NA,46.798446,9.819215,1700,NA,651,1700m,4,1.38,6.300000000000001,1.67,1.24,0.881659,0.495819,0.905085,0.094915
Geum montanum,5887172836,1892,7,7,1892-07-07T00:00,189,46.934876,9.828971,2300,NA,674,2300m,15,2.17,6.92,2.05,1.59,0.933806,0.434366,0.882553,0.117447
Geum montanum,5887172837,1899,8,14,1899-08-14T00:00,226,46.954897,9.77602,2000,NA,889,2000m,25,1.91,7.46,2.23,1.61,1.129187,0.398187,0.86877,0.13123
Geum montanum,5887172839,1908,7,10,1908-07-10T00:00,192,46.813097,10.152647,NA,NA,3675,NA,18,1.4,6.550000000000001,2.05,1.0950000000000002,0.878476,0.4246095,0.8881595,0.1118405
Geum montanum,5887172849,1840,8,15,1840-08-15T00:00,228,46.49992,9.107905,NA,NA,1410,NA,14,2.575,8.375,2.46,1.54,0.8031794999999999,0.4138905,0.8530255,0.1469745
Geum montanum,5887172850,1872,7,21,1872-07-21T00:00,203,46.502604,9.094451,2400,NA,362,2400m,5,1.68,6.76,1.76,1.48,1.170886,0.439389,0.880312,0.119688
Geum montanum,5887172853,1884,7,25,1884-07-25T00:00,207,46.496416,9.559413,2400,NA,1416,2400m,22,3.0949999999999998,8.365,2.45,1.9849999999999999,0.8972335,0.4640375,0.8941954999999999,0.1058045
Geum montanum,5887172854,1945,7,13,1945-07-13T00:00,194,46.582015,9.784646,1930,NA,424,1930m,7,6.19,11.18,3.29,3.02,0.978261,0.498012,0.906611,0.093389
Geum montanum,5887172855,1903,7,NA,1903-07,66,46.498074,9.841167,NA,NA,743,NA,16,2.09,7.835,2.02,1.69,0.928095,0.4494635,0.8943924999999999,0.10560749999999999
Geum montanum,5887172857,1912,5,19,1912-05-19T00:00,140,46.498176,9.832896,1954,NA,280,NA,14,2.6849999999999996,8.079999999999998,2.385,1.88,1.0740129999999999,0.468928,0.8823395,0.1176605
Geum montanum,5887172859,1959,6,24,1959-06-24T00:00,175,46.867791,9.239742,2100,NA,NA,2100m,11,1.97,8.48,2.22,1.69,0.860068,0.356629,0.865643,0.134357
Geum montanum,5887172866,1931,6,17,1931-06-17T00:00,168,47.010675,9.604058,2300,NA,160,2300m,7,1.75,6.55,1.83,1.42,0.745455,0.512619,0.903105,0.096895
Geum montanum,5887172869,1986,6,15,1986-06-15T00:00,166,46.74089,9.382048,1883,NA,NA,1883m,18,1.74,7.04,1.9649999999999999,1.455,1.064536,0.4802825,0.8965955,0.1034045
Geum montanum,5887172880,1872,7,21,1872-07-21T00:00,203,46.502604,9.094451,2400,NA,362,2400m,9,3.17,9.96,2.75,1.69,0.993135,0.423512,0.89644,0.10356
Geum montanum,5887172888,2011,7,2,2011-07-02T00:00,183,46.748339,8.827208,2310,NA,NA,2310m,11,4.16,10.5,2.78,2.21,0.827097,0.331263,0.86693,0.13307
Geum montanum,5887172894,1886,7,NA,1886-07,NA,46.580982,8.779537,2000,NA,827,2000m,11,2.17,7.29,2.12,1.67,0.94382,0.464224,0.899854,0.100146
Trifolium alpinum,2242404178,1887,6,NA,1887-06,NA,45.924308,6.867316,1923,NA,6143,6308 ft.,12,0.77,5.545,1.96,0.615,0.7737435,0.33224,0.826222,0.173778
Trifolium alpinum,2575335263,1912,6,6,1912-06-06T00:00,158,46.813823,9.840025,1630,NA,539,1630m,1,1.43,8.51,3.77,0.58,3.552632,0.248628,0.880435,0.119565
Trifolium alpinum,2575335467,1910,7,11,1910-07-11T00:00,192,46.82088,9.828773,2100,100,741,2000-2200m,11,0.95,6.76,2.29,0.93,1,0.245102,0.773016,0.226984
Trifolium alpinum,2575335967,1920,6,8,1920-06-08T00:00,160,46.759476,9.790221,1700,NA,1307,1700 m,9,0.33,4.32,1.5,0.42,0.766129,0.293052,0.888147,0.111853
Trifolium alpinum,2575336171,1924,7,14,1924-07-14T00:00,196,46.725706,9.811694,2500,NA,678,2500m,4,0.315,3.8099999999999996,1.56,0.38,0.9034584999999999,0.20282850000000002,0.726534,0.273466
Trifolium alpinum,2575336459,1923,7,13,1923-07-13T00:00,194,46.803428,9.821003,1650,NA,634,1650m,11,1.32,7.98,2.98,0.8,0.797267,0.250133,0.822476,0.177524
Trifolium alpinum,2575336840,1915,8,8,1915-08-08T00:00,220,46.810363,9.864797,1600,NA,943,1600 m,23,1.05,7.23,2.86,0.67,0.971338,0.228197,0.821142,0.178858
Trifolium alpinum,3383279230,1904,7,NA,1904-07,NA,46.246667,8.028333,1995,NA,NA,NA,26,0.34,3.8449999999999998,1.54,0.445,0.5580240000000001,0.3038345,0.8704145,0.12958550000000002
Trifolium alpinum,3383279292,1903,8,8,1903-08-08T00:00,220,46.411944,8.103333,2202,NA,NA,NA,12,0.72,5.18,1.855,0.61,1.200833,0.3076175,0.8849255,0.1150745
Trifolium alpinum,3383281265,1884,7,NA,1884-07,NA,45.869125,7.152435,2373,NA,826,NA,4,0.9850000000000001,5.734999999999999,1.955,0.7749999999999999,1.2236829999999999,0.357352,0.874369,0.125631
Trifolium alpinum,3383283280,1886,8,7,1886-08-07T00:00,219,46.246666,8.028333,1995,NA,NA,NA,5,0.8,8.78,2.26,0.62,0.789474,0.132751,0.651974,0.348026
Trifolium alpinum,3383283283,1937,8,3,1937-08-03T00:00,215,46.352222,8.224444,2030,NA,NA,NA,12,0.47,3.945,1.5350000000000001,0.54,0.859529,0.342016,0.9042235000000001,0.0957765
Trifolium alpinum,3383284261,1907,8,3,1907-08-03T00:00,215,46.246667,8.028333,1995,NA,NA,2015 m,7,0.16,2.91,1.17,0.28,0.793478,0.247863,0.8162,0.1838
Trifolium alpinum,3383287297,1919,8,NA,1919-08,NA,46.027499,7.968889,2304,NA,NA,2300 m,13,0.43,5.09,1.82,0.55,1.144654,0.232144,0.813763,0.186237
Trifolium alpinum,3383288381,1871,7,NA,1871-07,NA,46.028056,7.980833,2472,NA,NA,NA,22,0.45999999999999996,4.54,1.655,0.5449999999999999,0.956471,0.3314395,0.8657174999999999,0.1342825
Trifolium alpinum,3383288405,1895,7,NA,1895-07,NA,46.21,7.7025,1848,NA,NA,1850 m,6,0.73,5.53,1.9649999999999999,0.5549999999999999,1.042357,0.3234765,0.860933,0.139067
Trifolium alpinum,3383288470,2006,8,7,2006-08-07T00:00,219,46.247222,8.036667,2082,NA,NA,2050 - 2100 m,4,0.9550000000000001,6.675000000000001,2.5999999999999996,0.7849999999999999,1.5114945,0.267406,0.7937405,0.20625949999999998
Trifolium alpinum,3383289357,1946,7,16,1946-07-16T00:00,197,46.131388,7.943889,1866,NA,NA,NA,17,1.2,7.22,2.84,0.62,0.831461,0.301908,0.851924,0.148076
Trifolium alpinum,3383289386,1881,8,NA,1881-08,NA,45.99,7.696667,2869,NA,NA,NA,6,0.545,4.115,1.725,0.535,1.0742695,0.3838005,0.905062,0.094938
Trifolium alpinum,3383289481,1928,NA,NA,1928,NA,46.021066,7.295367,2193,NA,NA,NA,2,1.5949999999999998,6.915000000000001,2.3850000000000002,0.995,1.2961144999999998,0.3297265,0.8129040000000001,0.187096
Trifolium alpinum,3383289591,1891,NA,NA,1891,NA,46.246667,8.028333,1995,NA,NA,NA,2,0.27,4.27,1.6,0.46499999999999997,1.0684965,0.18990200000000002,0.6374955,0.3625045
Trifolium alpinum,3383290327,1880,8,NA,1880-08,NA,46.110555,7.319722,2185,NA,NA,NA,19,0.41,4.22,1.64,0.5,0.880952,0.290658,0.847605,0.152395
Trifolium alpinum,3383290433,1876,8,18,1876-08-18T00:00,231,45.938611,7.380556,2446,NA,NA,2450 m,34,0.395,4.03,1.6,0.49,0.9892084999999999,0.32374000000000003,0.8687199999999999,0.13128
Trifolium alpinum,3383290460,1978,7,8,1978-07-08T00:00,189,46.251666,8.009397,2182,NA,NA,NA,6,0.20500000000000002,3.2750000000000004,1.3399999999999999,0.31,0.840794,0.2132375,0.7861875,0.2138125
Trifolium alpinum,3383291394,1919,8,19,1919-08-19T00:00,231,46.108611,7.928611,1801,NA,NA,NA,14,0.53,4.745,1.905,0.545,0.7914105,0.3337335,0.9065435,0.0934565
Trifolium alpinum,3383291443,1952,7,22,1952-07-22T00:00,204,46.032777,7.97,2395,NA,NA,2400 m,20,0.39,4.32,1.665,0.49,1.035717,0.24910500000000002,0.7946595,0.20534049999999998
Trifolium alpinum,3383291460,1944,7,12,1944-07-12T00:00,194,45.995833,7.753611,2395,NA,NA,2400 m,20,0.33,3.69,1.455,0.41000000000000003,1.171709,0.29775799999999997,0.8492975,0.15070250000000002
Trifolium alpinum,3383291499,1893,8,14,1893-08-14T00:00,226,46.576944,8.388056,2272,NA,NA,2200 - 2400 m,8,0.21,2.67,1.0550000000000002,0.33499999999999996,0.660714,0.2854895,0.8432445,0.1567555
Trifolium alpinum,3383291507,1893,7,9,1893-07-09T00:00,190,46.246667,8.028333,1995,NA,NA,2000 m,7,0.47,4.42,1.73,0.41,0.512281,0.366343,0.895045,0.104955
Trifolium alpinum,3383291513,1911,7,NA,1911-07,NA,46.243888,8.02,1973,NA,NA,NA,5,0.8,4.36,1.68,0.62,1.411111,0.359881,0.926929,0.073071
Trifolium alpinum,3383291547,1981,7,11,1981-07-11T00:00,192,46.246666,8.028333,1995,NA,NA,NA,19,0.44,4.34,1.95,0.45,0.601399,0.273259,0.901101,0.098899
Trifolium alpinum,3383292544,1986,7,7,1986-07-07T00:00,188,46.564868,8.38162,2038,NA,NA,2000 m,4,1.6149999999999998,9.885,2.335,1.355,0.953641,0.15535749999999998,0.6129,0.3871
Trifolium alpinum,3383292576,1898,7,NA,1898-07,NA,46.135833,7.228611,1895,NA,NA,1900 m,19,0.55,4.42,1.82,0.48,1.094488,0.339164,0.908951,0.091049
Trifolium alpinum,3383292592,1883,7,10,1883-07-10T00:00,191,46.043705,7.11751,2381,NA,NA,NA,22,0.61,5.23,2.1,0.55,0.8696805000000001,0.306623,0.887576,0.112424
Trifolium alpinum,3383293421,1948,6,9,1948-06-09T00:00,161,46.114722,7.933056,1810,NA,NA,NA,15,0.6,5.77,2.13,0.64,0.660574,0.241055,0.775319,0.224681
Trifolium alpinum,3383293540,1905,7,13,1905-07-13T00:00,194,46.176944,7.098889,2200,NA,NA,2150 - 2400 m,28,0.6699999999999999,5.074999999999999,2.15,0.595,0.6043080000000001,0.310844,0.902414,0.097586
Trifolium alpinum,3383293580,1915,8,9,1915-08-09T00:00,221,46.374444,8.024722,1852,NA,NA,1850 m,7,1.25,8.56,3.18,0.94,1.390244,0.200856,0.741671,0.258329
Trifolium alpinum,3383294456,1949,6,6,1949-06-06T00:00,157,46.205,7.863611,2047,NA,NA,2050 m,7,1.88,9.72,3.55,0.89,1.47546,0.270295,0.868543,0.131457
Trifolium alpinum,3383294473,2012,7,3,2012-07-03T00:00,185,46.022777,7.47,2266,NA,NA,NA,10,0.235,4.4350000000000005,1.725,0.38,0.8829005000000001,0.19078499999999998,0.8028265,0.1971735
Trifolium alpinum,3383295424,1960,7,14,1960-07-14T00:00,196,46.251666,8.016389,2095,NA,NA,2100 m,11,0.18,3.08,1.22,0.36,0.982301,0.287228,0.833026,0.166974
Trifolium alpinum,3383295478,1986,7,7,1986-07-07T00:00,188,46.564868,8.38162,2038,NA,NA,2000 m,18,1.47,9.06,2.6900000000000004,1.4049999999999998,0.835047,0.22238950000000002,0.7267545,0.27324550000000003
Trifolium alpinum,3383295532,1848,7,27,1848-07-27T00:00,209,46.561667,8.338056,2168,NA,NA,NA,2,0.15,2.575,1.0350000000000001,0.31000000000000005,1.0728845,0.34796249999999995,0.88829,0.11171
Trifolium alpinum,3383296333,1889,NA,NA,1889,NA,46.319167,7.635833,789,NA,NA,NA,4,0.215,3.07,1.245,0.325,1.3184874999999998,0.294701,0.842139,0.157861
Trifolium alpinum,3383296448,1881,8,NA,1881-08,NA,45.99,7.696667,2869,NA,NA,NA,12,0.885,6.285,2.34,0.725,1.141015,0.26557200000000003,0.8335684999999999,0.1664315
Trifolium alpinum,3383296546,1904,7,NA,1904-07,NA,46.246667,8.028333,1995,NA,NA,NA,31,0.51,4.47,1.78,0.51,1.046083,0.309885,0.892886,0.107114
Trifolium alpinum,3383296583,1981,8,11,1981-08-11T00:00,223,46.375,8.017778,2049,NA,NA,2050 m,12,0.26,4.220000000000001,1.54,0.42,0.902537,0.260662,0.8100505,0.1899495
Trifolium alpinum,3383297365,1868,7,NA,1868-07,NA,45.868889,7.170556,2475,NA,NA,NA,11,0.48,4.94,1.58,0.52,0.984962,0.29635,0.813934,0.186066
Trifolium alpinum,3383297415,1862,7,26,1862-07-26T00:00,207,46.003475,7.753515,2271,NA,NA,NA,3,0.34,3.5,1.4,0.41,0.582857,0.34596,0.844351,0.155649
Trifolium alpinum,3383297536,1907,6,23,1907-06-23T00:00,174,46.105277,6.935278,2306,NA,NA,2300 m,47,0.53,4.79,1.91,0.52,1.038136,0.324945,0.877808,0.122192
Trifolium alpinum,3383319233,1889,7,18,1889-07-18T00:00,199,46.022939,7.077255,1870,NA,NA,NA,12,0.7849999999999999,5.859999999999999,1.9049999999999998,0.66,0.748874,0.3054175,0.8710485,0.1289515
Trifolium alpinum,3383323466,1896,7,18,1896-07-18T00:00,200,46.239166,7.653333,3006,NA,NA,NA,2,0.61,7.09,1.585,0.79,1.209989,0.1603665,0.7046095,0.2953905
Trifolium alpinum,3383323532,1884,8,3,1884-08-03T00:00,216,46.173333,7.078889,2299,NA,NA,2300 m,6,1.27,6.75,2.205,1.145,0.761984,0.333137,0.8053475,0.1946525
Trifolium alpinum,3383323552,1982,6,29,1982-06-29T00:00,180,46.110277,7.638333,2020,NA,NA,1800 - 2200 m,10,0.9550000000000001,6.65,2.41,0.905,1.014837,0.24386249999999998,0.79032,0.20968
Trifolium alpinum,3383323604,1917,6,28,1917-06-28T00:00,179,46.088055,7.021111,1722,NA,NA,1750 m,14,0.77,5.324999999999999,2.1,0.765,0.9142275,0.313472,0.8168089999999999,0.183191
Trifolium alpinum,3383323657,1871,8,8,1871-08-08T00:00,220,46.491584,8.343558,2030,NA,NA,NA,6,1.03,6.8950000000000005,1.88,0.95,0.9028935,0.2540085,0.755981,0.24401899999999999
Trifolium alpinum,3383325240,1895,7,NA,1895-07,NA,46.21,7.7025,1848,NA,NA,1850 m,16,0.6599999999999999,5.5649999999999995,2.085,0.62,0.9140955,0.2835845,0.8397625,0.16023749999999998
Trifolium alpinum,3383327422,1911,7,7,1911-07-07T00:00,188,46.336347,8.130775,2210,NA,1887,NA,8,0.305,3.175,1.22,0.42000000000000004,1.2605765,0.3215345,0.88817,0.11183000000000001
Trifolium alpinum,3383327452,1916,7,27,1916-07-27T00:00,209,46.225833,7.623889,2202,NA,NA,2200 m,30,0.525,4.539999999999999,1.755,0.54,0.897161,0.3265735,0.8809255,0.1190745
Trifolium alpinum,3383327484,1944,7,24,1944-07-24T00:00,206,46.803611,10.221944,2206,NA,NA,NA,1,0.85,8.31,2.63,0.74,0.418317,0.153843,0.678729,0.321271
Trifolium alpinum,3383328393,1881,8,NA,1881-08,NA,45.99,7.696667,2869,NA,NA,NA,9,0.89,6.54,1.68,0.87,1.008403,0.237701,0.713756,0.286244
Trifolium alpinum,3383328413,1919,8,1,1919-08-01T00:00,213,45.983333,7.761111,2757,NA,NA,2770 m,1,0.36,3.23,1.33,0.44,0.62,0.427348,0.923691,0.076309
Trifolium alpinum,3383329365,1946,7,17,1946-07-17T00:00,198,46.238056,7.991667,2251,NA,NA,2250 m,8,0.215,3.175,1.315,0.305,0.765869,0.27505250000000003,0.8532219999999999,0.14677800000000002
Trifolium alpinum,3383329493,1873,7,1,1873-07-01T00:00,182,45.868888,7.170556,2475,NA,NA,NA,9,0.45,4.21,1.51,0.52,1.569444,0.341129,0.823272,0.176728
Trifolium alpinum,3383331464,1981,7,15,1981-07-15T00:00,196,46.251111,8.020278,2038,NA,NA,NA,6,1.255,8.465,3.6149999999999998,0.55,1.4943075,0.2076305,0.8543675,0.1456325
Trifolium alpinum,3383334420,1950,6,28,1950-06-28T00:00,179,46.219722,7.6,1671,NA,928,1700 m,9,0.68,5.82,2.05,0.77,1.104396,0.228664,0.69869,0.30131
Trifolium alpinum,3383334609,1923,7,13,1923-07-13T00:00,194,45.8675,7.163633,2459,NA,NA,2450 m,5,0.26,4.41,1.81,0.39,0.960396,0.277896,0.802984,0.197016
Trifolium alpinum,3383335471,1982,6,30,1982-06-30T00:00,181,46.151388,7.635278,2265,NA,NA,2100 - 2400 m,6,0.87,8.155000000000001,1.975,1.335,1.0236735000000001,0.197921,0.6140114999999999,0.3859885
Trifolium alpinum,3383335548,1866,7,29,1866-07-29T00:00,210,46.223333,7.6244440000000004,2197,NA,NA,2200 m,13,0.39,3.59,1.33,0.44,2.288136,0.339632,0.862132,0.137868
Trifolium alpinum,3383336379,1916,7,22,1916-07-22T00:00,204,46.225833,7.623889,2202,NA,NA,2200 m,20,0.605,4.715,1.835,0.635,0.8813690000000001,0.3115435,0.85554,0.14445999999999998
Trifolium alpinum,3383336482,1948,5,31,1948-05-31T00:00,152,46.110277,7.934167,1755,NA,NA,NA,21,0.45,4.19,1.57,0.45,1.35625,0.316742,0.834088,0.165912
Trifolium alpinum,3383336490,1952,6,7,1952-06-07T00:00,159,46.115833,7.925833,1960,NA,NA,1950 m,2,0.48,5.050000000000001,1.555,0.5700000000000001,1.2716470000000002,0.2548405,0.7686735,0.2313265
Trifolium alpinum,3383336583,1929,7,27,1929-07-27T00:00,208,46.246666,8.028333,1995,NA,NA,NA,21,0.45,4.04,1.58,0.48,0.978261,0.327192,0.863503,0.136497
Trifolium alpinum,3383336605,1916,6,12,1916-06-12T00:00,164,46.239166,7.653889,3015,NA,NA,NA,9,0.32,4.27,1.36,0.53,0.490132,0.351392,0.872659,0.127341
Trifolium alpinum,3383336625,1857,7,25,1857-07-25T00:00,206,45.868889,7.170556,2475,NA,NA,NA,15,0.32,3.8,1.49,0.39,1.168831,0.310447,0.867735,0.132265
Trifolium alpinum,3383337575,1873,7,14,1873-07-14T00:00,195,46.246666,8.028333,1995,NA,NA,NA,16,0.435,4.460000000000001,1.725,0.475,0.891197,0.276223,0.8425644999999999,0.1574355
Trifolium alpinum,3383337593,1896,8,14,1896-08-14T00:00,227,46.144444,7.598889,2501,NA,NA,2400 - 2600 m,7,0.28,3.33,1.46,0.47,0.983333,0.308319,0.804129,0.195871
Trifolium alpinum,4511801718,2018,8,10,2018-08-10,222,46.86073,12.36235,2024,164,3000,NA,12,0.615,4.82,1.8849999999999998,0.62,1.0575675,0.2494345,0.800378,0.19962200000000002
Trifolium alpinum,5070626779,1890,NA,NA,1890,NA,46.089734,6.412797,NA,NA,4850,NA,7,0.58,4.79,1.89,0.74,1.32,0.330883,0.841786,0.158214
Trifolium alpinum,5207936302,1839,7,NA,1839-07,NA,46.878855,8.83169,1975,NA,437,NA,8,0.30500000000000005,3.3899999999999997,1.45,0.35,0.9277219999999999,0.3302445,0.8908830000000001,0.10911699999999999
Trifolium alpinum,5888850307,1902,7,12,1902-07-12T00:00,193,46.637991,10.192319,NA,NA,1634,NA,3,0.74,4.95,2.15,0.56,1.048246,0.377979,0.940953,0.059047
Trifolium alpinum,5888850311,1838,7,NA,1838-07,NA,46.540591,9.201191,1524,NA,1873,5000',3,0.46,5.79,1.66,0.79,1.417683,0.288652,0.811692,0.188308
Trifolium alpinum,5888850314,1910,8,1,1910-08-01T00:00,213,46.618242,9.180937,NA,NA,NA,NA,2,1.4699999999999998,7.819999999999999,2.76,0.9750000000000001,0.268993,0.23454350000000002,0.8264469999999999,0.173553
Trifolium alpinum,5888850315,1918,8,18,1918-08-18T00:00,230,46.410949,10.027588,2300,NA,NA,2300m,21,0.69,5.22,2.06,0.56,1.314159,0.308317,0.891574,0.108426
Trifolium alpinum,5888850316,1889,NA,NA,1889,NA,46.513529,9.860877,NA,NA,NA,NA,3,0.21,3.53,1.33,0.29,1.126316,0.209634,0.747498,0.252502
Trifolium alpinum,5888850321,1884,7,17,1884-07-17T00:00,199,46.473917,9.512632,1990,NA,NA,1990m,11,0.42,3.97,1.58,0.57,1.21831,0.24169,0.803223,0.196777
Trifolium alpinum,5888850328,1932,6,21,1932-06-21T00:00,173,46.428116,9.747913,1820,NA,460,1820m,15,0.73,4.79,1.89,0.62,0.890625,0.328818,0.878098,0.121902
Trifolium alpinum,5888850329,1881,8,3,1881-08-03T00:00,215,46.574894,8.816171,2600,NA,773,2600m,10,0.2,3.105,1.2149999999999999,0.35,1.1916665,0.3061745,0.8550245000000001,0.1449755
Trifolium alpinum,5888850330,1913,6,4,1913-06-04T00:00,155,46.862413,10.006122,1700,NA,353,1700m,8,0.37,3.665,1.385,0.49,0.7868634999999999,0.3938615,0.901887,0.098113
Trifolium alpinum,5888850331,2005,7,19,2005-07-19T00:00,200,46.731362,10.191137,2100,NA,NA,2100m,2,0.5800000000000001,5.25,2.1399999999999997,0.525,1.863198,0.2969565,0.8640114999999999,0.1359885
Trifolium alpinum,5888850335,1880,7,16,1880-07-16T00:00,198,46.465278,9.503967,2200,NA,NA,2200m,13,0.29,4.03,1.56,0.42,0.757246,0.226984,0.779659,0.220341
Trifolium alpinum,5888850336,1921,8,10,1921-08-10T00:00,222,46.866725,10.031874,NA,NA,851,NA,6,0.26,3.12,1.2650000000000001,0.345,1.104699,0.3552315,0.9080715,0.0919285
Trifolium alpinum,5888850341,1897,8,NA,1897-08,NA,46.625514,9.747078,NA,NA,1686,NA,11,0.3,3.98,1.33,0.47,0.707965,0.239797,0.706617,0.293383
Trifolium alpinum,5888850342,1892,7,10,1892-07-10T00:00,192,46.905522,9.865846,1900,NA,607,1900m,27,0.25,3.22,1.15,0.41,1.02439,0.305714,0.825316,0.174684
Trifolium alpinum,5888850345,1922,7,21,1922-07-21T00:00,202,46.612004,9.512109,NA,NA,270,NA,1,0.99,7.11,2.17,0.74,0.684358,0.247418,0.815128,0.184872
Trifolium alpinum,5888850346,1909,7,NA,1909-07,NA,46.378203,9.706031,NA,NA,2301,NA,2,0.31,2.88,1.08,0.47,0.7337290000000001,0.4710655,0.9224155,0.0775845
Trifolium alpinum,5888850348,2005,7,9,2005-07-09T00:00,190,46.61523,8.686423,2250,NA,NA,2250m,6,1.405,9,2.92,0.81,0.64554,0.22322350000000002,0.7778685000000001,0.2221315
Trifolium alpinum,5888850349,1913,6,5,1913-06-05T00:00,156,46.85462,9.881246,1320,NA,258,1320m,11,0.36,3.61,1.37,0.45,1.224,0.275086,0.82675,0.17325
Trifolium alpinum,5888850351,1907,NA,NA,1907,NA,46.618259,9.181111,1255,NA,1280,1700m,21,0.68,5,2.02,0.55,1.351485,0.314531,0.877398,0.122602
Trifolium alpinum,5888850353,1891,7,11,1891-07-11T00:00,192,46.729332,9.852207,NA,NA,5564,NA,1,0.78,6.82,2.6,0.64,3.039683,0.210356,0.762219,0.237781
Trifolium alpinum,5888850354,1887,8,7,1887-08-07T00:00,219,46.580001,8.790722,1920,NA,358,1920m,22,0.305,3.585,1.385,0.4,0.8739075,0.30813500000000005,0.8756255,0.1243745
Trifolium alpinum,5888850355,1907,7,17,1907-07-17T00:00,198,46.463328,9.199804,NA,NA,NA,1750m,6,0.32,4.529999999999999,1.74,0.435,1.1574815,0.2834905,0.8400065,0.1599935
Trifolium alpinum,5888850358,1924,6,NA,1924-06,NA,46.508925,9.884216,NA,NA,NA,NA,6,0.56,5.07,1.9449999999999998,0.54,0.8750015,0.228081,0.759288,0.24071199999999998
Trifolium alpinum,5888850359,1923,8,NA,1923-08,NA,46.388647,9.782994,NA,NA,4034,NA,4,0.505,5.380000000000001,1.96,0.51,1.2386585,0.254724,0.791416,0.208584
Trifolium alpinum,5888850361,1901,6,20,1901-06-20T00:00,171,46.81067,9.837642,NA,NA,545,1600m,11,0.89,5.68,2.39,0.7,1.043165,0.281683,0.807926,0.192074
Trifolium alpinum,5888850362,1891,6,NA,1891-06,NA,46.329778,10.071129000000001,NA,NA,338,NA,19,0.59,4.82,1.95,0.62,0.963504,0.316656,0.860071,0.139929
Trifolium alpinum,5888850364,1868,7,23,1868-07-23T00:00,205,46.492403,9.901711,NA,NA,NA,NA,19,0.83,6.15,2.27,0.55,0.948276,0.283676,0.887783,0.112217
Trifolium alpinum,5888850366,1857,NA,NA,1857,NA,46.582776,9.845175,NA,NA,4530,NA,2,0.675,5.84,2.575,0.525,1.0562684999999998,0.24491000000000002,0.8798345000000001,0.12016550000000001
Trifolium alpinum,5888850369,1908,6,29,1908-06-29T00:00,181,46.525554,9.899134,2451,NA,1589,NA,16,1.1400000000000001,8.754999999999999,2.455,0.98,0.852734,0.2737515,0.7834505,0.2165495
Trifolium alpinum,5888850373,1918,7,25,1918-07-25T00:00,206,46.215435,9.205024,1700,NA,627,1700m,9,0.93,5.87,2.31,0.64,0.738506,0.25547,0.735563,0.264437
Trifolium alpinum,5888850374,1886,8,NA,1886-08,NA,46.332765,10.094496,2491,NA,1059,NA,33,0.74,5.97,2.05,0.79,0.836364,0.243412,0.74899,0.25101
Trifolium alpinum,5888850376,1906,6,28,1906-06-28T00:00,179,46.674274,8.858865,NA,NA,NA,NA,4,0.315,3.5949999999999998,1.34,0.505,1.360119,0.2796715,0.7022299999999999,0.29777
Trifolium alpinum,5888850378,1903,7,27,1903-07-27T00:00,208,46.703214,10.147626,NA,NA,645,NA,2,1.51,7.34,2.355,1.105,1.958977,0.309933,0.805912,0.194088
Trifolium alpinum,5888850379,1862,7,2,1862-07-02T00:00,183,46.574309,8.801179,NA,NA,NA,NA,6,0.185,2.55,0.98,0.36,1.171822,0.28252,0.8237875,0.1762125
Trifolium alpinum,5888850380,1913,7,4,1913-07-04T00:00,185,46.489653,9.852405,1819,NA,497,NA,7,1.38,8.49,2.88,0.84,0.869565,0.29544,0.831335,0.168665
Trifolium alpinum,5888850384,1911,7,19,1911-07-19T00:00,200,46.411162,10.021791,2320,NA,NA,2320m,3,0.15,2.38,0.93,0.28,0.396552,0.373254,0.910087,0.089913
Trifolium alpinum,5888850386,1916,7,19,1916-07-19T00:00,201,46.543271,9.513019,NA,NA,867,NA,4,0.675,4.6,1.795,0.685,1.3358515,0.290229,0.7304575,0.2695425
Trifolium alpinum,5888850387,1911,8,9,1911-08-09T00:00,221,46.697351,10.369924,2000,NA,578,2000m,5,0.32,4.12,1.51,0.59,1.095541,0.239573,0.799224,0.200776
Trifolium alpinum,5888850389,1878,7,NA,1878-07,NA,46.809754,9.836601,NA,NA,685,NA,4,0.64,5.805,2.415,0.595,1.4639134999999999,0.231703,0.7488265000000001,0.2511735
Trifolium alpinum,5888850391,1891,6,NA,1891-06,NA,46.329778,10.071129000000001,NA,NA,338,NA,30,1.125,8.004999999999999,2.8049999999999997,0.675,0.8130124999999999,0.2393335,0.8518304999999999,0.1481695
Trifolium alpinum,5888850393,1910,8,8,1910-08-08T00:00,220,46.944545,10.316454,NA,NA,617,NA,11,0.52,4.8,1.93,0.59,0.946667,0.227609,0.784413,0.215587
Trifolium alpinum,5888850396,1884,7,30,1884-07-30T00:00,212,46.440399,9.549898,1970,NA,1178,1970m,8,0.29000000000000004,3.375,1.155,0.485,1.140873,0.2729425,0.7385315,0.2614685
Trifolium alpinum,5888850397,1920,7,6,1920-07-06T00:00,188,46.804924,10.252924,NA,NA,NA,NA,3,0.54,5.84,2.3,0.64,0.671975,0.292217,0.804954,0.195046
Trifolium alpinum,5888850400,1919,6,28,1919-06-28T00:00,179,46.460199,9.795561,NA,NA,NA,NA,3,1.61,8.75,3.07,0.88,0.487572,0.449491,0.942602,0.057398
Trifolium alpinum,5888850403,1909,NA,NA,1909,NA,46.535397,9.613056,NA,NA,14232,NA,11,0.65,5.51,2.11,0.62,1.254417,0.257469,0.791139,0.208861
Trifolium alpinum,5888850404,1915,6,5,1915-06-05T00:00,156,46.48336,9.829763,NA,NA,249,NA,6,0.69,4.615,1.9500000000000002,0.625,1.79548,0.3840725,0.910506,0.08949399999999999
Trifolium alpinum,5888850405,1897,7,30,1897-07-30T00:00,211,46.449325,9.497665,NA,NA,NA,NA,2,0.315,2.85,1.25,0.375,1.153979,0.429068,0.9467775,0.05322249999999999
Trifolium alpinum,5888850406,1933,7,19,1933-07-19T00:00,200,46.397768,9.76587,2200,NA,763,2200m,3,0.25,3.25,1.37,0.33,1.460993,0.279651,0.931748,0.068252
Trifolium alpinum,5888850410,1907,7,14,1907-07-14T00:00,195,46.492051,9.902019,NA,NA,NA,NA,10,0.6,5.305,2.2750000000000004,0.595,1.0428790000000001,0.3158295,0.8941079999999999,0.105892
Trifolium alpinum,5888850412,1904,8,3,1904-08-03T00:00,216,46.770208,9.73332,NA,NA,NA,NA,16,0.475,4.535,1.795,0.5349999999999999,1.361842,0.21591,0.7711570000000001,0.22884300000000002
Trifolium alpinum,5888850413,1879,8,29,1879-08-29T00:00,241,46.410932,10.027651,NA,NA,NA,NA,1,0.6,4.51,1.97,0.51,1.969925,0.372482,0.906523,0.093477
Trifolium alpinum,5888850419,1870,NA,NA,1870,NA,46.760469,9.556814,NA,NA,NA,NA,2,1.665,7.85,2.505,1.35,0.9092595,0.307233,0.768288,0.231712
Trifolium alpinum,5888850420,1964,6,18,1964-06-18T00:00,170,46.60641,9.401956,1830,NA,182,1830m,22,0.565,5.9350000000000005,2.365,0.51,0.5019830000000001,0.2369655,0.857329,0.142671
Trifolium alpinum,5888850421,1832,NA,NA,1832,NA,46.800357,9.832099,NA,NA,NA,NA,16,0.75,5.305,2.0700000000000003,0.6799999999999999,0.8304445,0.3163815,0.8420325,0.15796749999999998
Trifolium alpinum,5888850422,1916,8,9,1916-08-09T00:00,222,46.545211,9.209951,NA,NA,455,NA,7,1.88,10.54,3.36,1.08,1.27551,0.21624,0.712087,0.287913
Trifolium alpinum,5888850423,1901,6,29,1901-06-29T00:00,180,46.705557,10.159378,NA,NA,2233,NA,2,0.51,5.76,1.625,0.645,1.134565,0.183144,0.7300800000000001,0.26992
Trifolium alpinum,5888850424,1930,8,21,1930-08-21T00:00,233,46.618351,8.973543,2150,NA,3194,2150m,2,0.84,5.09,1.9300000000000002,0.77,0.95383,0.32447950000000003,0.8840885,0.1159115
Trifolium alpinum,5888850428,1865,8,NA,1865-08,NA,46.800955,9.830574,NA,NA,NA,NA,1,1.88,9.19,4.23,0.72,0.257956,0.279755,0.961216,0.038784
Trifolium alpinum,5888850431,1840,8,14,1840-08-14T00:00,227,46.488005,9.178787,NA,NA,2692,NA,32,0.7250000000000001,6.065,2.425,0.575,0.857864,0.228152,0.82379,0.17621
Trifolium alpinum,5888850432,1891,7,NA,1891-07,NA,46.33035,10.070908,NA,NA,338,NA,27,1.14,8.87,2.47,1.02,0.880223,0.189762,0.664845,0.335155
Trifolium alpinum,5888850434,1918,8,18,1918-08-18T00:00,230,46.410949,10.027588,2300,NA,NA,2300m,24,0.68,4.92,2.065,0.545,0.7892975,0.3487405,0.9213979999999999,0.078602
Trifolium alpinum,5888850435,1920,8,14,1920-08-14T00:00,227,46.83264,9.70635,1770,NA,370,1770m,1,0.45,4.7,1.83,0.59,0.955357,0.259089,0.6613,0.3387
Trifolium alpinum,5888850438,1906,7,31,1906-07-31T00:00,212,46.492716,9.902502,NA,NA,NA,NA,8,0.665,5.02,2.0149999999999997,0.62,1.385412,0.309963,0.802583,0.197417
Trifolium alpinum,5888850439,1886,8,NA,1886-08,NA,46.333576,10.099173,NA,NA,NA,NA,18,1.235,8.245,2.4299999999999997,0.755,1.039291,0.230549,0.802756,0.197244
Trifolium alpinum,5888850441,2005,7,12,2005-07-12T00:00,193,46.494051,9.224986,2270,NA,NA,2270m,2,0.3,3.535,1.455,0.375,1.1242334999999999,0.3072585,0.874682,0.12531799999999998
Trifolium alpinum,5888850448,1928,8,10,1928-08-10T00:00,223,46.524732,9.904487,2520,NA,NA,2520m,6,0.7949999999999999,7.65,2.23,0.7150000000000001,0.988095,0.204752,0.7776434999999999,0.2223565
Trifolium alpinum,5888850449,1923,6,28,1923-06-28T00:00,179,46.530819,9.838674,NA,NA,1427,NA,11,1.06,7.16,2.74,0.67,1.16055,0.285181,0.900139,0.099861
Trifolium alpinum,5888850450,1945,5,15,1945-05-15T00:00,135,46.779567,9.910311,NA,NA,5742,NA,13,0.37,3.88,1.46,0.46,0.907692,0.304903,0.864992,0.135008
Trifolium alpinum,5888850451,1886,8,NA,1886-08,NA,46.332765,10.094496,2491,NA,1059,NA,11,0.82,6.93,2.97,0.62,1.079137,0.243164,0.820282,0.179718
Trifolium alpinum,5888850452,1920,7,4,1920-07-04T00:00,186,46.856974,9.664624,1960,NA,333,1960m,15,0.6,4.86,1.83,0.58,0.804545,0.28963,0.821673,0.178327
Trifolium alpinum,5888850457,1961,7,10,1961-07-10T00:00,191,46.489043,9.922297,1500,NA,517,1500m,2,0.21000000000000002,2.58,0.9750000000000001,0.43000000000000005,0.733283,0.402021,0.844606,0.15539399999999998
Trifolium alpinum,5888850458,1984,7,29,1984-07-29T00:00,211,46.746382,9.576532,1885,35,241,1850-1920m,6,0.7050000000000001,6.335,1.81,0.7150000000000001,1.040094,0.23844300000000002,0.7863175,0.2136825
Trifolium alpinum,5888850459,1880,7,16,1880-07-16T00:00,198,46.465277,9.503967,2200,NA,NA,2200m,6,0.22999999999999998,2.8499999999999996,1.255,0.33999999999999997,0.774737,0.2855845,0.8123914999999999,0.1876085
Trifolium alpinum,5888850460,1861,7,29,1861-07-29T00:00,210,46.388647,9.782994,NA,NA,4034,NA,1,0.78,6.27,2.54,0.54,0.544118,0.249326,0.86039,0.13961
Trifolium alpinum,5888850461,1918,7,25,1918-07-25T00:00,206,46.473226,9.511979,NA,NA,NA,NA,11,0.79,7.04,2.4,0.62,1.386179,0.2531,0.816685,0.183315
Trifolium alpinum,5888850462,1905,7,8,1905-07-08T00:00,189,46.872435,9.882705,NA,NA,NA,NA,3,0.38,5.17,1.99,0.61,1.909639,0.179272,0.803312,0.196688
Trifolium alpinum,5888850463,1890,6,25,1890-06-25T00:00,176,46.814533,9.983353,NA,NA,628,NA,8,0.46499999999999997,4.37,1.6,0.485,1.2907145,0.3530265,0.847248,0.152752
Trifolium alpinum,5888850464,1916,6,28,1916-06-28T00:00,180,46.774157,10.201151,NA,NA,NA,NA,1,0.63,5.34,2,0.6,1.270161,0.276084,0.864354,0.135646
Trifolium alpinum,5888850467,1886,8,NA,1886-08,NA,46.333576,10.099173,NA,NA,NA,NA,14,0.85,5.965,2,0.5900000000000001,0.919198,0.31903899999999996,0.829638,0.170362
Trifolium alpinum,5888850470,1913,7,4,1913-07-04T00:00,185,46.4863,9.834185,NA,NA,NA,NA,6,0.495,3.87,1.56,0.5549999999999999,0.8304505,0.4003545,0.914049,0.085951
Trifolium alpinum,5888850471,1893,6,16,1893-06-16T00:00,167,46.616992,10.38747,NA,NA,7916,NA,1,0.26,3.76,1.4,0.35,0.484252,0.233427,0.819435,0.180565
Trifolium alpinum,5888850475,1916,8,9,1916-08-09T00:00,222,46.545216,9.208861,NA,NA,513,NA,8,0.3,3.4,1.18,0.42500000000000004,0.887519,0.286269,0.7606085,0.2393915
Trifolium alpinum,5888850479,1983,7,3,1983-07-03T00:00,184,46.546494,9.230713,1900,NA,127,1900m,3,0.11,2.32,1.03,0.28,0.768657,0.243552,0.664018,0.335982
Trifolium alpinum,5888850483,1920,7,4,1920-07-04T00:00,186,46.856852,9.665178,1960,NA,458,1960m,8,0.885,6.835,2.45,0.7,0.421338,0.26534,0.8597305,0.1402695
Trifolium alpinum,5888850484,1919,7,27,1919-07-27T00:00,208,46.658359,9.060254,NA,NA,NA,NA,1,1.37,8.08,3.44,0.63,0.977901,0.262959,0.912715,0.087285
Trifolium alpinum,5888850485,1932,6,21,1932-06-21T00:00,173,46.428116,9.747913,1820,NA,460,1820m,14,0.73,5.225,2.05,0.6000000000000001,0.7828925,0.351547,0.8987995,0.1012005
Trifolium alpinum,5888850486,1921,8,NA,1921-08,NA,46.628625,9.745946,NA,NA,NA,NA,10,0.63,4.96,1.7999999999999998,0.565,0.9463775,0.28697700000000004,0.804233,0.195767
Trifolium alpinum,5888850487,1921,6,27,1921-06-27T00:00,178,46.53082,9.838674,NA,NA,1427,NA,7,0.83,6.47,2.14,0.73,0.706949,0.249544,0.896693,0.103307
Trifolium alpinum,5888850488,1907,8,27,1907-08-27T00:00,239,46.470105,10.03538,2730,NA,1521,2730m,4,0.3,3.0149999999999997,1.045,0.485,1.155941,0.381845,0.8453925,0.1546075
Trifolium alpinum,5888850493,1886,8,NA,1886-08,NA,46.332765,10.094496,2491,NA,1059,NA,12,1.06,8.25,2.42,1.395,1.0353795,0.18493700000000002,0.636035,0.363965
Trifolium alpinum,5888850496,1899,7,27,1899-07-27T00:00,208,46.47239,9.525482,NA,NA,511,NA,7,0.88,6.49,2.69,0.52,0.942857,0.250705,0.840113,0.159887
Trifolium alpinum,5888850497,1918,7,NA,1918-07,NA,46.402104,10.067128,NA,NA,243,NA,9,0.37,3.9,1.61,0.45,0.742857,0.296937,0.812214,0.187786
Trifolium alpinum,5888850498,2012,6,17,2012-06-17T00:00,169,46.563056,9.464167,2130,NA,NA,2130m,2,1.2799999999999998,9.435,2.505,1.335,0.81691,0.184511,0.674105,0.325895
Trifolium alpinum,5888850499,1934,7,6,1934-07-06T00:00,187,46.561483,8.601138,NA,NA,1127,NA,21,0.42,4.35,1.74,0.52,0.892157,0.307252,0.850353,0.149647
Trifolium alpinum,5888850500,1919,6,14,1919-06-14T00:00,165,46.813033,9.851832,1564,NA,NA,1564m,21,0.72,5.6,2.17,0.52,0.931677,0.274555,0.876661,0.123339
Trifolium alpinum,5888850502,1905,7,8,1905-07-08T00:00,189,46.452769,9.988317,2200,NA,1292,2200m,42,0.865,6.0649999999999995,2.5,0.59,0.8150305,0.3122685,0.9049675,0.09503249999999999
Trifolium alpinum,5888850503,1901,6,20,1901-06-20T00:00,171,46.81067,9.837642,NA,NA,545,1600m,22,0.62,5.335,1.87,0.62,1.3840415,0.3290405,0.883662,0.116338
Trifolium alpinum,5888850504,1869,8,5,1869-08-05T00:00,217,46.629097,9.367699,2134,NA,773,7000',5,1.65,10.2,2.96,1.27,1.243421,0.276386,0.676738,0.323262
Trifolium alpinum,5888850506,1903,7,15,1903-07-15T00:00,196,46.582777,9.845175,NA,NA,4530,NA,13,0.66,5.5,1.9,0.52,0.936364,0.295664,0.860072,0.139928
Trifolium alpinum,5888850507,1901,8,9,1901-08-09T00:00,221,46.547397,9.198542,NA,NA,909,NA,6,0.475,4.445,1.615,0.475,1.0431945,0.312339,0.8567975000000001,0.1432025
Trifolium alpinum,5888850508,1907,7,26,1907-07-26T00:00,207,46.766215,9.794562,NA,NA,517,NA,4,0.85,7.585,2.58,0.7549999999999999,0.735695,0.2378445,0.6543034999999999,0.3456965
Trifolium alpinum,5888850509,1898,7,24,1898-07-24T00:00,205,46.817138,9.606627,NA,NA,NA,NA,9,1.06,8.19,3.05,0.84,0.9225,0.217115,0.685102,0.314898
Trifolium alpinum,5888850510,1982,7,4,1982-07-04T00:00,185,46.64621,9.200305,NA,NA,NA,NA,4,0.435,4.045,1.58,0.56,1.34145,0.33423,0.8532805,0.1467195
Trifolium alpinum,5888850513,1914,7,18,1914-07-18T00:00,199,46.542572,9.201327,2100,NA,353,2100m,6,0.5800000000000001,5.25,1.795,0.745,0.8144465000000001,0.302047,0.7744489999999999,0.225551
Trifolium alpinum,5888850515,1913,7,NA,1913-07,NA,46.522929,9.61101,1900,NA,1119,1900m,1,0.16,2.36,0.92,0.33,1.403846,0.358376,0.893521,0.106479
Trifolium alpinum,5888850516,1913,7,4,1913-07-04T00:00,185,46.486388,9.834088,NA,NA,NA,NA,3,1.03,6.41,2.72,0.62,0.406484,0.307982,0.921133,0.078867
Trifolium alpinum,5888850517,1899,8,1,1899-08-01T00:00,213,46.4595,10.012955,NA,NA,3178,NA,7,0.91,8.23,1.68,1.28,1.022959,0.210112,0.682143,0.317857
Trifolium alpinum,5888850519,1918,8,18,1918-08-18T00:00,230,46.410949,10.027588,2300,NA,NA,2300m,17,0.49,4.16,1.51,0.55,1.030043,0.30954,0.841035,0.158965
Trifolium alpinum,5888850520,1888,8,12,1888-08-12T00:00,225,46.401713,10.067574,NA,NA,224,NA,9,0.34,3.87,1.39,0.5,1.068273,0.289076,0.836201,0.163799
Trifolium alpinum,5888850521,1919,NA,NA,1919,NA,46.793795,9.334194,NA,NA,NA,NA,2,0.8999999999999999,6.675,2.3,0.8899999999999999,1.101438,0.25628049999999997,0.718488,0.281512
Trifolium alpinum,5888850522,1954,7,21,1954-07-21T00:00,202,46.586024,8.778432,NA,NA,1358,NA,14,0.745,6.289999999999999,2.2,0.775,1.103892,0.2569075,0.7718525,0.2281475
Trifolium alpinum,5888850523,1884,7,17,1884-07-17T00:00,199,46.473508,9.513574,1990,NA,243,1990m,7,0.26,4.09,1.6,0.37,1.091549,0.261005,0.862794,0.137206
Trifolium alpinum,5888850524,1910,6,29,1910-06-29T00:00,180,46.501305,9.848935,1837,NA,97,NA,15,1.57,8.52,3.28,0.79,0.662338,0.251698,0.853274,0.146726
Trifolium alpinum,5888850525,1915,5,29,1915-05-29T00:00,149,46.515057,9.870918,NA,NA,290,NA,5,0.44,3.77,1.47,0.57,0.558333,0.306514,0.809938,0.190062
Trifolium alpinum,5888850526,1888,7,30,1888-07-30T00:00,212,46.755934,9.5121,NA,NA,NA,NA,12,0.52,5.6850000000000005,2.125,0.51,1.087891,0.232679,0.7963065,0.2036935
Trifolium alpinum,5888850529,1903,7,11,1903-07-11T00:00,192,46.643452,10.023976,NA,NA,914,NA,7,0.23,3.22,1.18,0.33,1.25,0.272879,0.749687,0.250313
Trifolium alpinum,5888850530,1905,8,8,1905-08-08T00:00,220,46.464716,10.004965,2400,NA,1544,2400m,17,0.43,4.15,1.68,0.43,0.829545,0.30017,0.90809,0.09191
Trifolium alpinum,5888850535,1913,7,23,1913-07-23T00:00,204,46.453634,9.989951,2200,NA,1367,2200m,12,0.31,3.3449999999999998,1.305,0.43,1.0771605000000002,0.3533275,0.797862,0.20213799999999998
Trifolium alpinum,5888850539,1899,7,NA,1899-07,NA,46.551526,9.321708,NA,NA,1895,NA,17,0.36,4.57,1.76,0.5,1.017094,0.265512,0.823787,0.176213
Trifolium alpinum,5888850545,1900,7,29,1900-07-29T00:00,210,46.849427,9.639431,NA,NA,6948,NA,19,0.89,6.27,2.14,0.61,0.689542,0.266352,0.81253,0.18747
Trifolium alpinum,5888850547,1914,6,1,1914-06-01T00:00,152,46.220265,9.207943,1900,NA,342,1900m,18,0.345,3.95,1.4100000000000001,0.45,1.0334759999999998,0.3332815,0.847737,0.15226299999999998
Trifolium alpinum,5888850549,1921,8,1,1921-08-01T00:00,213,46.410494,10.02054,NA,NA,NA,NA,6,0.435,4.82,1.44,0.5700000000000001,1.0565425,0.3397865,0.8963945,0.1036055
Trifolium alpinum,5888850555,1876,7,14,1876-07-14T00:00,196,46.517683,9.850335,NA,NA,1418,NA,12,0.5900000000000001,5.28,1.975,0.535,0.6828085,0.2502405,0.843963,0.15603699999999998
Trifolium alpinum,5888850557,1917,6,8,1917-06-08T00:00,159,46.490404,9.825027,1960,NA,489,NA,5,0.48,4.19,1.8,0.5,1.174359,0.370928,0.913194,0.086806
Trifolium alpinum,5888850560,1902,7,NA,1902-07,NA,46.490403,9.825027,1960,NA,489,NA,15,0.54,5.26,1.74,0.62,0.902985,0.237403,0.780653,0.219347
Trifolium alpinum,5888850563,1925,7,13,1925-07-13T00:00,194,46.487927,9.184005,NA,NA,3641,NA,17,0.38,3.72,1.47,0.47,1.126667,0.28258,0.83089,0.16911
Trifolium alpinum,5888850564,1874,7,14,1874-07-14T00:00,195,46.866137,10.030646,NA,NA,541,NA,8,0.38,4.165,1.57,0.41000000000000003,1.7680715,0.318333,0.8936545,0.1063455
Trifolium alpinum,5888850565,1911,8,NA,1911-08,NA,46.824317,9.909131,2300,NA,1388,2300m,22,0.94,6.705,2.375,0.725,0.7680685,0.303013,0.8282514999999999,0.1717485
Trifolium alpinum,5888850568,1903,7,11,1903-07-11T00:00,192,46.786621,9.832872,NA,NA,330,NA,9,0.82,6.04,2.22,0.84,0.954693,0.35033,0.921436,0.078564
Trifolium alpinum,5888850569,1906,7,10,1906-07-10T00:00,191,46.534384,9.870258,NA,NA,NA,NA,10,0.75,6.1850000000000005,2.175,0.655,0.8212785,0.317709,0.89211,0.10789
Trifolium alpinum,5888850571,1902,7,22,1902-07-22T00:00,203,46.680082,10.037175,NA,NA,554,NA,3,0.99,8.2,3.66,0.74,0.684746,0.250197,0.862155,0.137845
Trifolium alpinum,5888850572,1908,7,10,1908-07-10T00:00,192,46.811275,10.14628,NA,NA,3389,NA,9,0.6,4.4,1.9,0.5,0.779141,0.388847,0.930827,0.069173
Trifolium alpinum,5888850573,1891,6,NA,1891-06,NA,46.329778,10.071129000000001,NA,NA,338,NA,29,0.7,5.12,2.05,0.6,0.980695,0.251837,0.805675,0.194325
Trifolium alpinum,5888850576,1918,7,23,1918-07-23T00:00,204,46.453611,9.548792,2000,NA,NA,2000m,11,0.55,5.64,1.88,0.59,0.618605,0.338626,0.879253,0.120747
Trifolium alpinum,5888850577,2005,7,9,2005-07-09T00:00,190,46.61523,8.686423,2250,NA,NA,2250m,4,0.99,6.035,2.63,0.64,0.4630175,0.3391095,0.9302239999999999,0.069776
Trifolium alpinum,5888850578,1900,8,11,1900-08-11T00:00,223,46.43366,9.7551,NA,NA,NA,NA,19,0.88,7.68,2.82,0.67,1.044715,0.212864,0.742571,0.257429
Trifolium alpinum,5888850579,1875,7,16,1875-07-16T00:00,197,46.75012,9.894229,NA,NA,6245,NA,3,0.49,3.84,1.53,0.48,1.174497,0.41437,0.895979,0.104021
Trifolium alpinum,5888850581,1890,7,NA,1890-07,NA,46.382336,9.908062,NA,NA,NA,NA,9,0.54,4.42,1.64,0.5,1.113861,0.34306,0.852241,0.147759
Trifolium alpinum,5888850582,1905,7,8,1905-07-08T00:00,189,46.453312,9.989413,2200,NA,1270,2200m,32,0.845,5.89,2.4,0.66,0.6211435000000001,0.3016715,0.8719695000000001,0.1280305
Trifolium alpinum,5888850584,1973,7,20,1973-07-20T00:00,201,46.541649,10.433197,NA,NA,NA,NA,5,0.63,5.89,2.63,0.49,0.441624,0.218585,0.843893,0.156107
Trifolium alpinum,5888850585,1928,7,21,1928-07-21T00:00,203,46.412858,10.023535,2350,NA,NA,2350m,29,0.33,3.73,1.54,0.43,1.005618,0.305722,0.89935,0.10065
Trifolium alpinum,5888850587,1913,8,11,1913-08-11T00:00,223,46.848224,9.690133,1920,NA,342,1920m,5,0.35,4.55,1.59,0.42,1.152174,0.183973,0.744838,0.255162
Trifolium alpinum,5888850592,1862,7,1,1862-07-01T00:00,182,46.665054,8.727011,NA,NA,NA,NA,17,0.55,4.61,1.86,0.57,1.119171,0.28533,0.831087,0.168913
Trifolium alpinum,5888850596,2005,7,27,2005-07-27T00:00,208,46.733395,10.133889,2600,NA,NA,2600m,3,1.46,7.28,2.21,1.05,1.099656,0.247278,0.697182,0.302818
Trifolium alpinum,5888850597,1890,7,15,1890-07-15T00:00,196,46.42927,9.760527,NA,NA,NA,NA,11,1.69,8.58,3.46,0.8,1.402198,0.294146,0.849381,0.150619
Trifolium alpinum,5888850608,1917,7,21,1917-07-21T00:00,202,46.326327,9.165733,2000,NA,891,2000m,4,0.4,4.07,1.81,0.445,0.857981,0.297018,0.8756075000000001,0.1243925
Trifolium alpinum,5888850609,1925,7,5,1925-07-05T00:00,186,46.766671,9.816719,NA,NA,NA,NA,8,1.47,8.35,2.955,0.79,0.5833619999999999,0.27149500000000004,0.9141345,0.08586550000000001
Trifolium alpinum,5888850610,1882,8,NA,1882-08,NA,46.427057,9.76704,NA,NA,805,NA,41,0.7,5.18,1.85,0.6,0.888587,0.277628,0.851784,0.148216
Trifolium alpinum,5888850612,1916,6,23,1916-06-23T00:00,175,46.487446,9.834245,NA,NA,NA,NA,8,0.6950000000000001,5.05,2.105,0.585,0.9745405,0.331971,0.892695,0.107305
Trifolium alpinum,5888850615,1918,8,18,1918-08-18T00:00,230,46.410949,10.027588,2300,NA,NA,2300m,20,0.995,7.715,2.785,0.8200000000000001,0.7253185,0.2320145,0.7761564999999999,0.22384349999999997
Trifolium alpinum,5888850618,1923,7,28,1923-07-28T00:00,209,46.932521,9.338332,NA,NA,752,NA,5,0.53,5.52,2.34,0.47,0.72561,0.16872,0.84946,0.15054
Trifolium alpinum,5888850619,1949,7,21,1949-07-21T00:00,202,46.6476,9.829597,1860,NA,NA,1860m,5,1.26,8.17,3.04,0.97,1.069333,0.188374,0.70804,0.29196
Trifolium alpinum,5888850624,1884,7,17,1884-07-17T00:00,199,46.584844,9.990877,NA,NA,1293,NA,13,0.47,4.1,1.63,0.52,0.990099,0.356154,0.87907,0.12093
Trifolium alpinum,5888850625,1887,8,7,1887-08-07T00:00,219,46.576494,8.809105,1950,NA,998,1950m,4,0.47,4.265000000000001,1.54,0.53,0.8131035,0.32566700000000004,0.8269575,0.1730425
Trifolium alpinum,5888850626,1901,7,24,1901-07-24T00:00,205,46.640603,10.363723,NA,NA,578,NA,28,0.355,3.895,1.42,0.45,1.121302,0.31662,0.834743,0.165257
Trifolium alpinum,5888850627,1863,7,NA,1863-07,NA,46.472204,9.72766,NA,NA,NA,NA,17,0.53,5.28,2.11,0.52,0.598901,0.268563,0.843974,0.156026
Trifolium alpinum,5888850628,1949,7,15,1949-07-15T00:00,196,46.813667,10.243315,2400,NA,382,2400m,4,0.69,7.16,2.6950000000000003,0.46499999999999997,0.648264,0.17965150000000002,0.7901279999999999,0.209872
Trifolium alpinum,5888850630,1906,8,NA,1906-08,NA,46.613201,9.157905,1824,NA,8305,NA,4,1.49,8.615,3.58,0.71,1.15855,0.2485815,0.880123,0.11987700000000001
Trifolium alpinum,5888850631,1919,NA,NA,1919,NA,46.776258,9.326645,NA,NA,356,NA,5,0.87,5.73,2.55,0.52,0.587097,0.316363,0.951719,0.048281
Trifolium alpinum,5888850633,1903,7,2,1903-07-02T00:00,183,46.642431,10.022928,NA,NA,NA,NA,6,1.205,9.030000000000001,3.1849999999999996,0.7849999999999999,0.8017274999999999,0.1783365,0.7899095,0.2100905
Trifolium alpinum,5888850634,1914,6,1,1914-06-01T00:00,152,46.22017,9.205451,1900,NA,604,1900m,7,0.58,4.39,1.68,0.59,1.145946,0.302826,0.793588,0.206412
Trifolium alpinum,5888850635,2014,8,31,2014-08-31T00:00,243,46.818641,9.829484,2150,NA,455,2150m,7,0.76,6.04,2.12,0.59,0.872204,0.181657,0.719934,0.280066
Trifolium alpinum,5888850638,1917,6,27,1917-06-27T00:00,178,46.255501,9.083585,NA,NA,504,NA,6,0.515,4.640000000000001,1.73,0.5549999999999999,1.1174895,0.287368,0.8459725,0.15402749999999998
Trifolium alpinum,5888850640,1911,7,20,1911-07-20T00:00,201,46.558128,9.28494,2200,NA,601,2200m,6,0.9199999999999999,7.0600000000000005,1.91,0.73,0.9270510000000001,0.2230415,0.8190885,0.1809115
Trifolium alpinum,5888850641,1925,7,5,1925-07-05T00:00,186,46.767465,9.816467,NA,NA,NA,NA,5,1.55,8.32,3.73,0.77,1.057377,0.215444,0.802938,0.197062
Trifolium alpinum,5888850642,1922,6,12,1922-06-12T00:00,163,46.533347,9.867129,NA,NA,1287,NA,12,0.43,4.470000000000001,1.93,0.45,0.4983305,0.30618100000000004,0.892717,0.10728299999999999
Trifolium alpinum,5888850645,1935,7,24,1935-07-24T00:00,205,46.648597,9.750307,NA,NA,1866,NA,9,0.96,6.39,2.53,0.67,0.458333,0.258051,0.861611,0.138389
Trifolium alpinum,5888850649,1906,7,31,1906-07-31T00:00,212,46.492296,9.902363,NA,NA,NA,NA,14,1.22,8.3,2.6399999999999997,0.74,0.823496,0.28642599999999996,0.8229325000000001,0.1770675
Trifolium alpinum,5888850650,1930,6,11,1930-06-11T00:00,162,46.563874,8.801043,NA,NA,NA,NA,4,0.675,5.390000000000001,2.05,0.625,0.827296,0.269745,0.8300915,0.16990850000000002
Trifolium alpinum,5888850652,1916,7,2,1916-07-02T00:00,184,46.497238,9.883064,NA,NA,1354,NA,5,0.52,3.65,1.49,0.47,0.936585,0.414427,0.929484,0.070516
Trifolium alpinum,5888850655,2005,7,22,2005-07-22T00:00,203,46.538013,9.046657,2390,NA,NA,2390m,5,0.5,4.41,1.54,0.52,1.651852,0.428006,0.853794,0.146206
Trifolium alpinum,5888850656,1909,7,24,1909-07-24T00:00,205,46.599704,9.619921,1868,NA,406,NA,3,0.49,4.25,1.55,0.6,1.305389,0.339381,0.822359,0.177641
Trifolium alpinum,5888850658,1903,7,13,1903-07-13T00:00,194,46.730168,9.543395,NA,NA,836,NA,4,0.54,4.865,1.645,0.62,1.1319745,0.290544,0.7392765,0.2607235
Trifolium alpinum,5888850660,1890,8,6,1890-08-06T00:00,218,46.478417,9.529544,NA,NA,1467,NA,3,0.69,7.48,3.12,0.68,1,0.199713,0.798801,0.201199
Trifolium alpinum,5888850661,1900,7,10,1900-07-10T00:00,191,46.868871,9.882281,NA,NA,NA,NA,1,0.06,2.21,0.84,0.27,0.849057,0.154733,0.592128,0.407872
Trifolium alpinum,5888850662,1902,7,31,1902-07-31T00:00,212,46.778029,9.964016,NA,NA,8862,NA,8,1.07,6.555,2.21,0.765,0.8406615,0.349352,0.9278565000000001,0.0721435
Trifolium alpinum,5888850668,1981,8,24,1981-08-24T00:00,236,46.632578,8.671682,NA,NA,358,NA,3,0.51,4.87,1.74,0.46,1.015267,0.240788,0.749886,0.250114
Trifolium alpinum,5888850669,1918,7,NA,1918-07,NA,46.544664,9.807834,NA,NA,6420,NA,19,0.89,5.96,2.41,0.66,0.790378,0.26736,0.864303,0.135697
Trifolium alpinum,5888850670,1910,6,5,1910-06-05T00:00,156,46.766604,9.816761,NA,NA,NA,NA,28,0.515,4.074999999999999,1.5150000000000001,0.55,0.9920545000000001,0.33005249999999997,0.841771,0.158229
Trifolium alpinum,5888850675,1901,7,25,1901-07-25T00:00,206,46.548181,8.813565,1800,NA,NA,1800m,14,0.53,4.404999999999999,1.625,0.545,0.843151,0.37109000000000003,0.89615,0.10385
Trifolium alpinum,5888850676,1899,8,12,1899-08-12T00:00,224,46.377627,9.753866,NA,NA,3936,NA,1,0.49,4.11,1.83,0.41,2.12069,0.362497,0.95554,0.04446
Trifolium alpinum,5888850677,2005,8,16,2005-08-16T00:00,228,46.621046,8.998473,2250,NA,NA,2250m,2,1.1,6.86,2.6950000000000003,0.855,0.9619705000000001,0.28794549999999997,0.7964765,0.20352350000000002
Trifolium alpinum,5888850684,1881,8,2,1881-08-02T00:00,214,46.574019,8.792665,2000,NA,1392,2000m,8,0.85,5.865,2.4850000000000003,0.535,1.534666,0.270409,0.8898174999999999,0.11018249999999999
Trifolium alpinum,5888850685,1883,8,NA,1883-08,NA,46.491262,9.893914,NA,NA,1221,NA,12,0.51,5.925,1.94,0.57,0.91205,0.2018965,0.731266,0.26873400000000003
Trifolium alpinum,5888850689,1902,7,17,1902-07-17T00:00,198,46.543241,10.433473,NA,NA,NA,NA,11,0.45,3.92,1.4,0.48,0.781818,0.328625,0.829543,0.170457
Trifolium alpinum,5888850690,1910,7,NA,1910-07,NA,46.705527,8.858513,1119,NA,1005,NA,3,0.74,5.47,2.21,0.48,2.492857,0.309437,0.842685,0.157315
Trifolium alpinum,5888850691,1861,7,28,1861-07-28T00:00,209,46.808877,9.837468,NA,NA,605,NA,15,1.14,7.01,2.39,0.74,0.866873,0.264722,0.773479,0.226521
Trifolium alpinum,5888850693,1874,7,20,1874-07-20T00:00,201,46.50092,9.094304,NA,NA,NA,NA,16,0.275,3.885,1.51,0.445,1.0109255,0.300259,0.837105,0.162895
Trifolium alpinum,5888850694,1899,7,30,1899-07-30T00:00,211,46.74826,9.899445,NA,NA,6179,NA,8,0.395,3.9749999999999996,1.62,0.44,0.7261759999999999,0.294753,0.8830685,0.1169315
Trifolium alpinum,5888850696,1890,7,30,1890-07-30T00:00,211,46.473439,9.513208,1960,NA,NA,1960m,3,0.69,5.45,2.38,0.53,0.601286,0.199301,0.857461,0.142539
Trifolium alpinum,5890506578,1920,7,21,1920-07-21T00:00,203,46.592187,7.984934,1779,NA,1796,NA,12,0.42,4.395,1.78,0.42500000000000004,0.829797,0.3295305,0.9168915,0.0831085
Campanula cochleariifolia,1701830920,2005,7,7,2005-07-07,188,59.8174,10.4416,NA,NA,71,NA,13,0.12,1.94,0.74,0.3,1,0.366034,0.859294,0.140706
Campanula cochleariifolia,1701838625,2000,6,30,2000-06-30,182,59.6389,10.8473,90,NA,71,NA,17,0.25,2.37,0.94,0.53,1.390625,0.576386,0.932281,0.067719
Campanula cochleariifolia,1702034078,2005,7,30,2005-07-30,211,59.8174,10.4399,NA,NA,71,NA,2,0.7050000000000001,3.965,1.6099999999999999,0.69,1.181736,0.5600475,0.935319,0.064681
Campanula cochleariifolia,1702188591,2005,9,18,2005-09-18,261,59.8174,10.4416,100,NA,71,NA,11,0.6,3.93,1.34,0.83,1.165138,0.643101,0.91558,0.08442
Campanula cochleariifolia,1838997503,2001,7,28,2001-07-28,209,47.6275,11.35472,789,NA,NA,NA,46,0.10500000000000001,1.625,0.655,0.29,1.6314815,0.4834135,0.922847,0.077153
Campanula cochleariifolia,1935660650,1999,7,20,1999-07-20,201,47.6,13.96944,1870,NA,100,NA,2,0.01,0.925,0.39,0.19,1.266667,0.1589935,0.5993045,0.4006955
Campanula cochleariifolia,1935660736,2001,7,16,2001-07-16,197,47.65028,14.70111,590,NA,100,NA,14,0.06,1.72,0.76,0.25,0.6492975000000001,0.22116249999999998,0.8474815,0.1525185
Campanula cochleariifolia,1935660766,2001,7,30,2001-07-30,211,47.74667,15.54556,1000,NA,200,NA,9,0.06,1.8,0.74,0.23,1.222222,0.307457,0.870766,0.129234
Campanula cochleariifolia,1935661244,2002,7,8,2002-07-08,189,47.58028,14,1180,20,130,NA,2,0.02,0.9550000000000001,0.415,0.185,1.618687,0.2742445,0.625487,0.374513
Campanula cochleariifolia,1935667326,2008,6,7,2008-06-07,159,47.51944,13.93528,765,NA,100,NA,2,0.045,1.375,0.595,0.24,0.515173,0.291598,0.8237785,0.1762215
Campanula cochleariifolia,1935667658,1859,7,NA,1859-07,NA,47.68778,15.5775,1100,300,1000,NA,4,0.025,0.9,0.365,0.20500000000000002,1.1049259999999999,0.3707445,0.783821,0.216179
Campanula cochleariifolia,1935667663,1953,7,19,1953-07-19,200,47.59528,13.98722,1630,NA,100,NA,16,0.02,0.86,0.38,0.155,1.1088235000000002,0.25265,0.7619754999999999,0.2380245
Campanula cochleariifolia,1935667666,1889,6,28,1889-06-28,179,47.58472,14.60528,NA,NA,5000,NA,7,0.02,1.28,0.55,0.2,1,0.222672,0.733509,0.266491
Campanula cochleariifolia,1935667671,1879,8,NA,1879-08,NA,47.18111,15.48972,750,150,1000,NA,3,0.23,2.58,1.13,0.38,2.025641,0.33675,0.89099,0.10901
Campanula cochleariifolia,1935667675,1982,9,17,1982-09-17,260,47.32028,13.76667,1145,55,1000,NA,2,0.08,1.3250000000000002,0.495,0.285,0.8875789999999999,0.6022514999999999,0.8887935,0.1112065
Campanula cochleariifolia,1935667676,1956,7,15,1956-07-15,197,47.5375,14.52972,1320,NA,500,NA,1,0.07,1.46,0.63,0.27,2.36,0.43309,0.92315,0.07685
Campanula cochleariifolia,1935667677,1912,7,NA,1912-07,341,46.79167,14.99167,1850,150,1000,NA,6,0.02,0.915,0.38,0.2,0.8836364999999999,0.3286995,0.8606795,0.13932049999999999
Campanula cochleariifolia,1935667678,1954,8,5,1954-08-05,217,47.53361,14.54056,1190,NA,500,NA,1,0.11,1.84,0.71,0.32,0.875,0.402674,0.880347,0.119653
Campanula cochleariifolia,1935667679,1956,8,1,1956-08-01,214,47.365,13.81917,1329,173,600,NA,17,0.07,1.41,0.58,0.25,1.22,0.484534,0.909668,0.090332
Campanula cochleariifolia,1935667682,1889,6,28,1889-06-28,179,47.59306,14.65556,NA,NA,7000,NA,13,0.02,1.06,0.47,0.2,0.846154,0.192386,0.70339,0.29661
Campanula cochleariifolia,1935667685,1977,8,7,1977-08-07,219,47.61417,14.29083,890,40,500,NA,7,0.04,1.32,0.55,0.22,0.775,0.371771,0.872596,0.127404
Campanula cochleariifolia,1935667690,1922,8,1,1922-08-01,213,46.81306,14.99417,1700,NA,500,NA,9,0.12,1.74,0.72,0.29,0.74026,0.442132,0.934625,0.065375
Campanula cochleariifolia,1935667691,1898,8,3,1898-08-03,215,47.39056,13.68861,800,NA,1500,NA,22,0.05,1.29,0.555,0.195,1.051282,0.43854000000000004,0.9168000000000001,0.0832
Campanula cochleariifolia,1935667692,1985,6,28,1985-06-28,179,47.58306,14.5225,620,NA,500,NA,1,0.02,0.66,0.29,0.1,4.5,0.436343,0.831776,0.168224
Campanula cochleariifolia,1935667696,1931,8,6,1931-08-06,218,47.03528,14.33028,1700,NA,700,NA,35,0.04,1.27,0.5,0.2,1,0.292993,0.803571,0.196429
Campanula cochleariifolia,1935667697,1905,8,NA,1905-08,128,47.38694,13.68528,750,NA,500,NA,14,0.08,1.42,0.54,0.27,0.975052,0.6389640000000001,0.9178675000000001,0.0821325
Campanula cochleariifolia,1935667698,1848,9,10,1848-09-10,254,47.36278,15.42417,NA,NA,1300,NA,9,0.09,1.45,0.62,0.25,0.833333,0.512046,0.931034,0.068966
Campanula cochleariifolia,1935667701,1906,7,NA,1906-07,158,47.42917,13.7175,900,NA,500,NA,15,0.04,1.1,0.51,0.21,1.322581,0.292088,0.841418,0.158582
Campanula cochleariifolia,1935667702,1894,7,24,1894-07-24,205,47.55139,14.50194,2330,NA,500,NA,12,0.025,0.845,0.345,0.16,1.68125,0.4823885,0.881958,0.11804200000000001
Campanula cochleariifolia,1935667703,1930,7,15,1930-07-15,196,46.97333,13.92222,1526,NA,500,NA,5,0.04,1.27,0.55,0.17,0.484848,0.360042,0.876884,0.123116
Campanula cochleariifolia,1935667704,1959,9,16,1959-09-16,259,46.95333,13.93694,2000,NA,500,NA,12,0.055,1.21,0.48,0.24,0.737817,0.4547055,0.9012745,0.0987255
Campanula cochleariifolia,1935667705,1898,7,20,1898-07-20,201,47.57083,14.86889,628,NA,800,NA,49,0.02,0.76,0.31,0.15,1.428571,0.392609,0.869318,0.130682
Campanula cochleariifolia,1935667706,1840,8,23,1840-08-23,236,47.19833,15.46556,NA,NA,1800,NA,13,0.09,1.9,0.75,0.27,1.578947,0.233558,0.706966,0.293034
Campanula cochleariifolia,1935667707,1930,7,15,1930-07-15,196,46.97333,13.92222,1526,NA,500,NA,14,0.045,1.42,0.57,0.22499999999999998,1.8372545,0.3217545,0.8451955,0.1548045
Campanula cochleariifolia,1935667713,1971,7,22,1971-07-22,203,47.45333,15.65083,900,100,1100,NA,9,0.03,1.13,0.4,0.22,0.857143,0.298201,0.771341,0.228659
Campanula cochleariifolia,1935667727,1977,7,29,1977-07-29,210,47.30861,14.37528,1070,NA,500,NA,23,0.03,0.94,0.37,0.18,1.166667,0.510673,0.877551,0.122449
Campanula cochleariifolia,1935667735,1963,8,23,1963-08-23,235,47.63694,15.81972,1200,NA,750,NA,17,0.11,1.74,0.69,0.31,1.323944,0.334518,0.873724,0.126276
Campanula cochleariifolia,1935667737,1962,8,19,1962-08-19,231,47.73,15.41667,1050,50,750,NA,9,0.03,0.92,0.37,0.17,0.769231,0.349353,0.839844,0.160156
Campanula cochleariifolia,1935668407,1992,9,26,1992-09-26,270,47.02278,14.33944,1850,NA,500,NA,33,0.05,1.16,0.43,0.22,0.976744,0.518634,0.92186,0.07814
Campanula cochleariifolia,1935668857,1904,7,10,1904-07-10,192,47.34417,15.50083,NA,NA,500,NA,10,0.015,0.815,0.31,0.165,0.829392,0.28280649999999996,0.760131,0.239869
Campanula cochleariifolia,1935668858,1937,6,29,1937-06-29,180,46.53333,14.12444,470,10,300,NA,26,0.05,1.08,0.435,0.2,1.1304344999999998,0.4471435,0.8968975,0.1031025
Campanula cochleariifolia,1935668983,1939,7,24,1939-07-24,205,47.22222,12.175,1150,150,1000,NA,28,0.03,0.745,0.295,0.18,1.091093,0.6776765,0.9391195,0.0608805
Campanula cochleariifolia,1935669895,1966,6,NA,1966-06,NA,47.6,15.18917,1495,25,300,NA,3,0.05,1.15,0.47,0.22,1.1,0.389504,0.898279,0.101721
Campanula cochleariifolia,1935669916,2018,7,16,2018-07-16,197,47.57111,14.855,650,NA,200,NA,21,0.02,0.78,0.33,0.16,1.846154,0.49425,0.901361,0.098639
Campanula cochleariifolia,1935669927,2018,9,5,2018-09-05,248,47.07278,12.7575,2390,NA,100,NA,1,0.07,1.06,0.35,0.32,1.71875,0.823102,0.95843,0.04157
Campanula cochleariifolia,2242354626,2017,6,28,2017-06-28,179,39.732207,-104.961468,1627,NA,293,5339 ft,9,0.18,2.81,1.21,0.37,1.485714,0.298644,0.786841,0.213159
Campanula cochleariifolia,2242402365,1985,7,30,1985-07-30,211,39.732207,-104.961468,1643,NA,293,NA,12,0.14500000000000002,2.125,0.9450000000000001,0.32499999999999996,0.8671409999999999,0.4636665,0.8988275,0.1011725
Campanula cochleariifolia,2242402722,1981,7,7,1981-07-07,188,39.732207,-104.961468,1643,NA,29,NA,4,0.345,2.475,0.96,0.5700000000000001,1.1626505,0.651274,0.9452075,0.0547925
Campanula cochleariifolia,2575247615,1853,7,7,1853-07-07T00:00,188,45.035876,6.406373,2056,NA,2503,NA,24,0.14,1.905,0.775,0.325,0.783658,0.46574150000000003,0.922595,0.077405
Campanula cochleariifolia,2575254775,1853,7,NA,1853-07,NA,45.783472,4.852624,169,NA,639,NA,12,0.15500000000000003,2.325,1.0350000000000001,0.28,0.9270309999999999,0.369028,0.908581,0.091419
Campanula cochleariifolia,2575335808,1915,8,10,1915-08-10T00:00,222,46.792504,9.771985,2550,NA,657,2550 m,1,0.1,2.66,1.06,0.25,1.533333,0.177712,0.767854,0.232146
Campanula cochleariifolia,2575738798,1899,8,7,1899-08-07T00:00,219,46.049167,7.957222,2179,NA,NA,NA,12,0.235,3.05,1.12,0.45,1.190158,0.41493349999999996,0.870554,0.129446
Campanula cochleariifolia,2575738819,1889,8,13,1889-08-13T00:00,225,45.949167,7.208056,1634,NA,NA,NA,9,0.23,3.02,1.35,0.34,3.113636,0.182369,0.742977,0.257023
Campanula cochleariifolia,2575738893,1930,8,NA,1930-08,NA,46.012222,7.766944,2103,NA,NA,NA,12,0.18,2.125,0.855,0.34,1.575896,0.50038,0.92926,0.07074
Campanula cochleariifolia,2575743880,1915,8,15,1915-08-15T00:00,227,46.404444,8.134444,1049,NA,NA,NA,4,0.22999999999999998,2.785,1.215,0.315,0.9806765000000001,0.32985549999999997,0.8963025,0.1036975
Campanula cochleariifolia,2575743906,1915,8,19,1915-08-19T00:00,231,46.148611,7.095,1302,NA,NA,1300 m,12,0.06,1.73,0.71,0.25,1.0901755,0.29441700000000004,0.8319495,0.1680505
Campanula cochleariifolia,2575743990,1889,8,3,1889-08-03T00:00,215,45.986388,7.356389,2042,NA,NA,NA,2,0.43,4.505,2.01,0.44999999999999996,3.044281,0.2864335,0.8752225,0.12477749999999999
Campanula cochleariifolia,2575744069,1909,7,14,1909-07-14T00:00,195,46.144167,7.111944,603,NA,NA,600 m,14,0.265,2.195,0.85,0.46499999999999997,1.3598615,0.609817,0.9457005,0.0542995
Campanula cochleariifolia,2575744172,1882,5,NA,1882-05,NA,46.298073,8.050524,1420,NA,NA,NA,5,1.04,4.46,1.53,0.97,1.017073,0.535543,0.933183,0.066817
Campanula cochleariifolia,2575745629,1925,9,10,1925-09-10T00:00,253,46.123333,6.987778,2006,NA,NA,2000 m,10,0.54,3.3,1.19,0.65,1.213862,0.6081235,0.939778,0.060222000000000005
Campanula cochleariifolia,2575745758,1889,8,5,1889-08-05T00:00,217,46.0075,7.339444,1697,NA,NA,NA,18,0.14,2.37,1.005,0.29,1.6295855000000001,0.30012300000000003,0.8621245,0.13787549999999998
Campanula cochleariifolia,2575745794,1945,8,NA,1945-08,NA,46.098055,7.929722,2107,NA,NA,NA,14,0.425,3.005,1.145,0.61,1.078495,0.6546384999999999,0.935222,0.064778
Campanula cochleariifolia,2575745820,1917,8,1,1917-08-01T00:00,213,46.149722,6.978889,2119,NA,NA,1850 - 2200 m,16,0.715,3.925,1.4500000000000002,0.7150000000000001,0.9965465,0.46992100000000003,0.9044305,0.0955695
Campanula cochleariifolia,2575745872,1910,8,3,1910-08-03T00:00,215,46.058321,7.948608,2292,NA,831,NA,4,0.135,2.23,0.935,0.295,1.314679,0.3992315,0.9002135,0.0997865
Campanula cochleariifolia,2575747318,1915,8,6,1915-08-06T00:00,218,46.168889,7.116667,2035,NA,NA,2030 m,5,0.07,1.95,0.72,0.24,1.189189,0.313024,0.824533,0.175467
Campanula cochleariifolia,2575747409,1889,8,4,1889-08-04T00:00,216,45.927777,7.382222,2252,NA,NA,NA,4,0.21500000000000002,2.955,1.08,0.47,1.879121,0.294886,0.7383975,0.2616025
Campanula cochleariifolia,2575747433,1889,8,7,1889-08-07T00:00,219,45.983056,7.3625,2272,NA,NA,NA,20,0.20500000000000002,2.5700000000000003,1.03,0.315,1.2051764999999999,0.3885595,0.891297,0.108703
Campanula cochleariifolia,2575747435,1905,7,20,1905-07-20T00:00,201,46.29,8.050556,1607,NA,NA,1600 m,19,0.36,3.75,1.6,0.41,1.00565,0.299703,0.870058,0.129942
Campanula cochleariifolia,2575747448,1895,8,3,1895-08-03T00:00,215,46.004167,7.341944,1807,NA,NA,NA,5,0.14,1.51,0.6,0.35,1.229508,0.709392,0.95625,0.04375
Campanula cochleariifolia,2575747512,1889,8,6,1889-08-06T00:00,218,45.8975,7.194722,1974,NA,NA,NA,16,0.095,1.81,0.76,0.26,1.4107745,0.547801,0.938269,0.061730999999999994
Campanula cochleariifolia,2575748676,1899,8,7,1899-08-07T00:00,219,46.049167,7.957222,2179,NA,NA,NA,7,0.08,1.74,0.72,0.23,1.2875,0.281354,0.818726,0.181274
Campanula cochleariifolia,2575748840,1913,8,23,1913-08-23T00:00,235,46.206944,6.955556,1854,NA,NA,1850 m,8,0.26,2.7649999999999997,1.1749999999999998,0.39,1.470588,0.43048200000000003,0.8983099999999999,0.10169
Campanula cochleariifolia,2575748976,1925,7,23,1925-07-23T00:00,204,46.106944,6.982222,1405,NA,NA,1400 m,2,0.3,4.14,1.795,0.45,2.9480969999999997,0.22621149999999998,0.7316015,0.2683985
Campanula cochleariifolia,2575750244,1918,8,10,1918-08-10T00:00,222,45.924444,7.395,2352,NA,NA,2300 m,3,0.03,1.51,0.66,0.23,1.542553,0.163159,0.584077,0.415923
Campanula cochleariifolia,2575750283,1906,7,26,1906-07-26T00:00,207,46.175,7.099444,2199,NA,NA,2000 - 2800 m,8,0.215,2.7300000000000004,1.13,0.345,1.2794560000000001,0.413445,0.8908929999999999,0.10910700000000001
Campanula cochleariifolia,2575751319,1899,8,7,1899-08-07T00:00,219,46.049167,7.957222,2179,NA,NA,NA,9,0.04,1.52,0.67,0.2,1.711111,0.285716,0.77425600000000006,0.225744
Campanula cochleariifolia,2575751333,1944,8,10,1944-08-10T00:00,223,46.108611,7.928611,1801,NA,NA,NA,8,0.10500000000000001,2.005,0.775,0.26,1.5500505,0.2664375,0.8587735000000001,0.1412265
Campanula cochleariifolia,2575751341,1889,8,18,1889-08-18T00:00,230,45.934834,7.229326,1912,NA,NA,NA,28,0.2,2.67,1.1549999999999998,0.325,1.0443455,0.334748,0.9005399999999999,0.09945999999999999
Campanula cochleariifolia,2575751403,1939,8,16,1939-08-16T00:00,228,46.138889,7.642778,2203,NA,NA,2200 m,4,0.16,1.97,0.85,0.32499999999999996,1.448958,0.4467085,0.902741,0.097259
Campanula cochleariifolia,2575751413,1930,8,27,1930-08-27T00:00,239,46.018333,7.753056,1726,NA,NA,NA,10,0.22,2.58,1.065,0.335,0.8893305,0.4569315,0.9523735,0.0476265
Campanula cochleariifolia,2575751439,1889,8,5,1889-08-05T00:00,217,46.021944,7.326944,1573,NA,NA,NA,10,0.14,2.8049999999999997,1.025,0.275,1.13961,0.28669500000000003,0.867177,0.132823
Campanula cochleariifolia,2575751466,1948,10,1,1948-10-01T00:00,275,46.103056,7.935833,2040,NA,NA,NA,8,0.28,2.58,0.99,0.49,0.926231,0.5035865,0.9101445,0.0898555
Campanula cochleariifolia,2575751495,1918,6,29,1918-06-29T00:00,180,46.150556,7.110833,894,NA,NA,900 m,4,0.07,1.4049999999999998,0.465,0.25,1.563889,0.4669265,0.8890965,0.11090349999999999
Campanula cochleariifolia,2575751537,1920,7,18,1920-07-18T00:00,200,46.009444,7.777222,2100,NA,NA,2100 m,2,0.15000000000000002,2.7249999999999996,1.2,0.28500000000000003,0.5107524999999999,0.28345549999999997,0.8337955,0.1662045
Campanula cochleariifolia,2575753991,1889,8,7,1889-08-07T00:00,219,45.983055,7.3625,2272,NA,NA,NA,11,0.15,2.64,1,0.31,0.9,0.155173,0.612998,0.387002
Campanula cochleariifolia,2575754081,1889,8,3,1889-08-03T00:00,215,45.986388,7.356389,2042,NA,NA,NA,7,0.34,2.93,1.26,0.37,0.677725,0.361044,0.919587,0.080413
Campanula cochleariifolia,2575754089,1889,8,5,1889-08-05T00:00,217,45.960833,7.355278,1965,NA,NA,NA,2,0.3,2.375,0.915,0.45499999999999996,1.6096455,0.6130340000000001,0.9489445,0.051055500000000004
Campanula cochleariifolia,2575755513,1904,7,NA,1904-07,97,46.280278,8.036389,1737,NA,NA,NA,7,0.14,2.34,0.92,0.28,1.492188,0.347335,0.811599,0.188401
Campanula cochleariifolia,2575755542,1937,8,5,1937-08-05T00:00,217,46.3425,8.174722,1461,NA,NA,NA,14,0.20500000000000002,2.42,0.9450000000000001,0.38,1.9998095,0.4778665,0.917824,0.082176
Campanula cochleariifolia,2575755547,1921,7,NA,1921-07,NA,46.027499,7.759444,1767,NA,NA,1760 m,10,0.135,2.205,0.935,0.265,0.5299315,0.3592385,0.89897,0.10103000000000001
Campanula cochleariifolia,2575755603,1981,8,13,1981-08-13T00:00,225,46.351111,7.6775,2168,NA,NA,2150 - 2200 m,2,0.04,1.9449999999999998,0.86,0.21,1.8359345,0.1791155,0.7094485,0.2905515
Campanula cochleariifolia,2575755605,2014,7,21,2014-07-21T00:00,202,46.025833,7.483889,1944,NA,NA,1940 m,3,0.05,1.35,0.59,0.21,1.940299,0.211196,0.829474,0.170526
Campanula cochleariifolia,2575755676,1892,8,11,1892-08-11T00:00,224,46.449166,7.638889,1928,NA,NA,NA,10,0.235,2.8899999999999997,1.12,0.48,1.026321,0.315911,0.785455,0.21454499999999999
Campanula cochleariifolia,2575763729,1889,8,5,1889-08-05T00:00,217,46.021944,7.326944,1573,NA,NA,NA,5,0.08,2.4,0.97,0.23,1.362205,0.17893,0.559809,0.440191
Campanula cochleariifolia,2575763734,1899,8,7,1899-08-07T00:00,219,46.049167,7.957222,2179,NA,NA,NA,2,0.07,2.165,0.76,0.25,1.0511314999999999,0.1797225,0.6893750000000001,0.31062500000000004
Campanula cochleariifolia,2575763776,1889,8,15,1889-08-15T00:00,227,45.942222,7.217222,1773,NA,NA,NA,5,0.11,2.44,0.97,0.26,0.926606,0.300248,0.82302,0.17698
Campanula cochleariifolia,2575763794,1877,7,18,1877-07-18T00:00,199,46.246667,8.028333,1995,NA,NA,NA,4,0.125,1.99,0.8200000000000001,0.30000000000000004,1.2587365,0.35502449999999997,0.8958524999999999,0.1041475
Campanula cochleariifolia,2575763890,1948,7,8,1948-07-08T00:00,190,46.094444,7.902778,2280,NA,NA,2100 - 2300 m,1,0.24,2.21,0.87,0.48,1.771084,0.625792,0.924517,0.075483
Campanula cochleariifolia,2575836649,1878,7,18,1878-07-18T00:00,199,46.309249,8.011694,911,NA,NA,NA,1,0.57,3.69,1.56,0.57,0.477477,0.528676,0.949186,0.050814
Campanula cochleariifolia,2575836688,1889,8,12,1889-08-12T00:00,224,45.949166,7.208056,1634,NA,NA,NA,5,0.41,3.28,1.19,0.58,0.848485,0.656284,0.951995,0.048005
Campanula cochleariifolia,2575836717,1944,7,26,1944-07-26T00:00,208,46.116666,7.514444,2101,NA,NA,2100 m,2,0.035,1.13,0.475,0.185,1.2838385,0.351839,0.738447,0.261553
Campanula cochleariifolia,2575836782,1921,7,16,1921-07-16T00:00,197,46.253611,8.048333,1893,NA,NA,1850 - 1900 m,2,0.53,2.965,0.97,0.815,1.5042925,0.756289,0.9452160000000001,0.054784
Campanula cochleariifolia,2575838489,1889,8,3,1889-08-03T00:00,215,45.985833,7.355556,1978,NA,NA,NA,10,0.325,3.825,1.65,0.385,1.062999,0.2919855,0.880058,0.11994199999999999
Campanula cochleariifolia,2575838522,1885,8,3,1885-08-03T00:00,215,46.101111,7.633056,2002,NA,NA,2000 m,9,0.34,2.35,1.03,0.52,1.121212,0.472289,0.931903,0.068097
Campanula cochleariifolia,2575838613,1889,8,6,1889-08-06T00:00,218,45.8975,7.194722,1974,NA,NA,NA,17,0.12,1.6,0.6,0.33,0.891304,0.58311,0.938581,0.061419
Campanula cochleariifolia,2575840677,1941,7,27,1941-07-27T00:00,208,46.025556,7.482222,1985,NA,NA,2000 m,1,0.12,2.12,0.86,0.24,1.088889,0.330365,0.816092,0.183908
Campanula cochleariifolia,2575840769,1877,7,18,1877-07-18T00:00,199,46.192222,8.061944,1427,NA,NA,NA,3,0.17,3.45,1.34,0.4,2.480769,0.221841,0.865233,0.134767
Campanula cochleariifolia,2575842618,1889,8,7,1889-08-07T00:00,219,45.983055,7.3625,2272,NA,NA,NA,1,0.52,3.02,0.91,0.84,1.477941,0.719447,0.948887,0.051113
Campanula cochleariifolia,2575842691,1885,8,1,1885-08-01T00:00,213,46.297778,8.041389,1395,NA,NA,1400 m,5,0.03,1.05,0.41,0.18,0.809524,0.395151,0.874365,0.125635
Campanula cochleariifolia,2575842746,1889,8,3,1889-08-03T00:00,215,45.986388,7.356389,2042,NA,NA,NA,6,0.08,1.9749999999999999,0.86,0.23,0.701688,0.290154,0.7786525,0.2213475
Campanula cochleariifolia,2575842769,1917,8,1,1917-08-01T00:00,213,46.176389,6.991944,953,NA,NA,950 m,71,0.37,2.8,1.04,0.57,1.140351,0.676835,0.953106,0.046894
Campanula cochleariifolia,2575843769,1889,NA,NA,1889,NA,46.178611,7.602222,1454,NA,NA,NA,6,0.245,3.12,1.2650000000000001,0.32499999999999996,0.8834875,0.358973,0.906355,0.093645
Campanula cochleariifolia,2575843790,1889,8,12,1889-08-12T00:00,224,45.949166,7.208056,1634,NA,NA,NA,26,0.345,2.76,1.145,0.455,0.7405875,0.6016565,0.966034,0.033965999999999996
Campanula cochleariifolia,2575843795,1963,9,12,1963-09-12T00:00,255,47.014722,9.864444,2101,NA,NA,2100 m,7,0.3,3.17,1.31,0.39,2.537313,0.424734,0.930135,0.069865
Campanula cochleariifolia,2575844718,1889,8,3,1889-08-03T00:00,215,46.051388,7.260278,1052,NA,NA,NA,12,0.37,2.545,0.9299999999999999,0.55,1.446185,0.6086395,0.955553,0.044447
Campanula cochleariifolia,2575844727,1889,8,13,1889-08-13T00:00,225,45.949167,7.208056,1634,NA,NA,NA,14,0.21,2.415,1.065,0.325,0.7166954999999999,0.3973365,0.9285924999999999,0.0714075
Campanula cochleariifolia,2575844728,1889,8,13,1889-08-13T00:00,225,45.949167,7.208056,1634,NA,NA,NA,24,0.185,2.4749999999999996,0.86,0.37,1.5231590000000002,0.47431449999999997,0.9374610000000001,0.062539
Campanula cochleariifolia,2575844748,1889,8,30,1889-08-30T00:00,242,46.171667,7.098889,2103,NA,NA,2100 m,3,0.48,3.46,1.29,0.62,1.023364,0.632765,0.953152,0.046848
Campanula cochleariifolia,2575846359,1887,7,27,1887-07-27T00:00,208,46.446762,7.624769,2244,NA,4783,NA,10,0.09,2.065,0.77,0.3,0.990476,0.284473,0.7960579999999999,0.203942
Campanula cochleariifolia,2575846385,1889,8,13,1889-08-13T00:00,225,45.911389,7.198611,1810,NA,NA,NA,3,0.07,2.09,0.9,0.22,1.45,0.251069,0.873989,0.126011
Campanula cochleariifolia,2575846401,1889,8,12,1889-08-12T00:00,224,45.949166,7.208056,1634,NA,NA,NA,19,0.1,2.01,0.83,0.29,1.336957,0.461234,0.913027,0.086973
Campanula cochleariifolia,2575846538,1900,8,9,1900-08-09T00:00,221,46.354722,6.818333,1974,NA,NA,1970 m,5,0.22,2.16,0.86,0.44,1.492537,0.637249,0.951031,0.048969
Campanula cochleariifolia,2575846868,1889,8,3,1889-08-03T00:00,215,45.986389,7.356389,2042,NA,NA,NA,5,0.11,1.86,0.76,0.28,1.223881,0.419027,0.940975,0.059025
Campanula cochleariifolia,2575847872,1889,8,5,1889-08-05T00:00,217,46.021944,7.326944,1573,NA,NA,NA,7,0.21,3.43,1.28,0.35,0.621908,0.205167,0.844472,0.155528
Campanula cochleariifolia,2575848015,1946,7,3,1946-07-03T00:00,184,46.181111,8.073611,1236,NA,NA,1240 m,1,0.49,2.87,0.89,0.8,0.918519,0.746199,0.94608,0.05392
Campanula cochleariifolia,2575848042,1895,8,10,1895-08-10T00:00,222,46.34541,6.839435,1405,NA,560,NA,2,0.41500000000000004,4.605,1.935,0.41500000000000004,2.0177305,0.2546065,0.8664105,0.1335895
Campanula cochleariifolia,2575848802,1926,8,31,1926-08-31T00:00,243,46.219722,6.9625,1355,NA,NA,1350,13,0.44,2.95,0.95,0.68,1.062016,0.726248,0.959916,0.040084
Campanula cochleariifolia,2575850803,1889,8,3,1889-08-03T00:00,215,45.986388,7.356389,2042,NA,NA,NA,9,0.2,3.25,1.34,0.27,2.563636,0.22842,0.77378,0.22622
Campanula cochleariifolia,2575851882,1899,8,7,1899-08-07T00:00,219,46.039444,7.962222,2189,NA,NA,NA,1,0.24,2.2,0.85,0.51,3.342466,0.6096,0.937916,0.062084
Campanula cochleariifolia,2575852852,1889,8,12,1889-08-12T00:00,224,45.949166,7.208056,1634,NA,NA,NA,5,0.19,2.47,1.06,0.31,0.583333,0.287835,0.885481,0.114519
Campanula cochleariifolia,2575852925,1889,8,5,1889-08-05T00:00,217,46.0075,7.339444,1697,NA,NA,NA,10,0.22,2.33,0.905,0.445,1.663119,0.5580835,0.9538225,0.046177499999999996
Campanula cochleariifolia,2575852960,1948,7,26,1948-07-26T00:00,208,46.093333,7.925278,2229,NA,NA,2200 - 2300 m,22,0.41000000000000003,2.94,1.1,0.535,1.178728,0.595143,0.9212445,0.0787555
Campanula cochleariifolia,2575852972,1948,10,4,1948-10-04T00:00,278,46.100833,7.923056,1827,NA,NA,NA,6,0.45,3.005,1.095,0.75,0.8596645,0.5967975,0.930638,0.06936200000000001
Campanula cochleariifolia,2575853015,1878,6,NA,1878-06,NA,46.051111,7.9625,2125,NA,NA,NA,2,0.03,1.315,0.55,0.16,0.7084675,0.232475,0.7858265,0.21417350000000002
Campanula cochleariifolia,2575853033,1892,8,17,1892-08-17T00:00,230,46.374444,7.634722,1583,NA,NA,NA,26,0.225,2.435,1.03,0.36,1.0268705,0.45304849999999997,0.925798,0.07420199999999999
Campanula cochleariifolia,2575853856,1889,8,3,1889-08-03T00:00,215,46.0025,7.340833,1847,NA,NA,NA,2,0.375,3.255,1.25,0.595,0.638097,0.465063,0.906234,0.093766
Campanula cochleariifolia,2575853885,1889,8,5,1889-08-05T00:00,217,46.0075,7.339444,1697,NA,NA,NA,12,0.10500000000000001,2.35,0.87,0.28,1.1442269999999999,0.2801275,0.8666845,0.1333155
Campanula cochleariifolia,2575853904,1887,8,26,1887-08-26T00:00,238,46.056666,7.957778,1995,NA,NA,2000 m,5,0.11,2.1,0.87,0.21,0.569231,0.309196,0.913781,0.086219
Campanula cochleariifolia,2575853928,1948,9,30,1948-09-30T00:00,274,46.051111,7.9625,2125,NA,NA,NA,8,0.565,3.29,1.045,0.87,0.8237725,0.576079,0.9040045,0.0959955
Campanula cochleariifolia,2575853940,1982,8,25,1982-08-25T00:00,237,46.365278000000004,7.756389,1206,NA,NA,1200 m,21,0.28,2.68,0.99,0.44,1.339286,0.517249,0.935127,0.064873
Campanula cochleariifolia,2575854811,1878,8,20,1878-08-20T00:00,232,46.135833,7.064444,862,NA,NA,NA,8,0.175,2.115,0.86,0.315,0.9618375,0.4717355,0.943252,0.056748
Campanula cochleariifolia,3383312977,1976,7,13,1976-07-13T00:00,195,46.639722,10.2925,2152,NA,NA,NA,19,0.06,1.78,0.72,0.23,2,0.272203,0.784909,0.215091
Campanula cochleariifolia,3883864664,1995,6,12,1995-06-12,163,47.872222,14.212778,NA,NA,50,NA,8,0.5,3.57,1.225,0.84,1.288343,0.51425,0.8892825,0.1107175
Campanula cochleariifolia,3883894088,2018,5,21,2018-05-21,141,48.089167,14.456944,285,NA,50,NA,51,0.12,2.11,0.93,0.25,1.577778,0.310664,0.887282,0.112718
Campanula cochleariifolia,3885946710,1984,7,28,1984-07-28,210,47.80124,13.049322,NA,NA,100,NA,4,0.55,4.82,2.035,0.635,3.2158615,0.36255099999999996,0.8314485,0.1685515
Campanula cochleariifolia,4423624321,1983,7,30,1983-07-30T00:00,211,46.604766,9.890946,2511,NA,NA,2511m,5,0.37,2.52,0.88,0.64,2.304348,0.712854,0.939051,0.060949
Campanula cochleariifolia,4426082305,1912,8,NA,1912-08,342,46.583524,9.837763,2322,NA,973,NA,6,0.12000000000000001,2.4050000000000002,1,0.32,2.308992,0.31520400000000004,0.8143145,0.1856855
Campanula cochleariifolia,4904913390,1984,7,13,1984-07-13T00:00,195,46.667172,9.561721,930,NA,NA,930m,24,0.23,2.965,1.3,0.37,1.4964285,0.3469265,0.8979604999999999,0.1020395
Campanula cochleariifolia,4920293758,1973,8,20,1973-08-20,232,41.797209,23.368941,2664,64,336,NA,7,0.11,1.8,0.69,0.26,0.686747,0.439586,0.919747,0.080253
Campanula cochleariifolia,4920293987,1973,8,20,1973-08-20,232,41.797209,23.368941,2664,64,336,NA,6,0.08,1.35,0.5549999999999999,0.22999999999999998,1.4598054999999999,0.4740765,0.939028,0.060972
Campanula cochleariifolia,4925311136,1978,12,31,1978-12-31,365,46.9099,10.2599,NA,NA,NA,NA,14,0.12,2.255,0.95,0.265,1.1609685,0.349148,0.8910089999999999,0.108991
Campanula cochleariifolia,4997672100,1971,7,28,1971-07-28,209,47.075,9.791667,2000,NA,2500,NA,2,0.47,2.745,0.96,0.7050000000000001,0.898026,0.780424,0.962392,0.037608
Campanula cochleariifolia,4997675105,1974,8,15,1974-08-15,227,47.825,13.625,NA,NA,2500,NA,29,0.27,2.78,1.13,0.44,1.277778,0.529193,0.945068,0.054932
Campanula cochleariifolia,4997677909,1955,7,23,1955-07-23,204,47.175,13.208333,NA,NA,2500,NA,17,0.11,2.35,1.03,0.3,1.013072,0.241459,0.780509,0.219491
Campanula cochleariifolia,4997687810,1961,7,1,1961-07-01,182,48.275,13.125,NA,NA,2500,NA,7,0.21,2.6,1.08,0.29,0.802632,0.316293,0.847816,0.152184
Campanula cochleariifolia,5004379287,1997,7,20,1997-07-20,201,47.08417,14.93667,1590,50,200,NA,4,0.025,0.9199999999999999,0.395,0.18,0.6862745,0.3736075,0.8233465,0.17665350000000002
Campanula cochleariifolia,5004443978,1999,7,23,1999-07-23,204,47.55944,13.82333,780,NA,200,NA,12,0.02,0.755,0.29,0.155,0.943574,0.434941,0.859206,0.140794
Campanula cochleariifolia,5138081318,1839,6,NA,1839-06,NA,47.350158,8.490811,860,NA,100,NA,8,0.165,2.35,0.915,0.345,1.2677960000000001,0.339461,0.850927,0.149073
Campanula cochleariifolia,5891267302,1913,7,27,1913-07-27T00:00,208,46.909335,9.441293,NA,NA,1101,NA,2,0.415,3.535,1.4300000000000002,0.5,0.6056064999999999,0.466554,0.9082479999999999,0.091752
Campanula cochleariifolia,5891267303,2006,8,16,2006-08-16T00:00,228,47.166591,9.298699,1681,NA,NA,1681m,2,0.42,2.75,0.9650000000000001,0.63,1.409726,0.7042824999999999,0.950735,0.049264999999999996
Campanula cochleariifolia,5891267306,1929,8,11,1929-08-11T00:00,223,47.146831,9.281718,1400,NA,360,1400m,1,0.23,2.59,0.76,0.51,0.883495,0.430626,0.856261,0.143739
Campanula cochleariifolia,5891267307,1903,6,28,1903-06-28T00:00,179,47.112369,9.215826,NA,NA,NA,NA,5,0.29,2.69,1.08,0.45,0.980645,0.409094,0.859061,0.140939
Campanula cochleariifolia,5891267326,2006,8,16,2006-08-16T00:00,228,47.155845,9.301108,2109,NA,NA,2109m,7,0.22,2.66,1.06,0.35,0.540816,0.410587,0.881524,0.118476
Campanula cochleariifolia,5891267330,2006,7,27,2006-07-27T00:00,208,47.180177,9.297601,1415,NA,NA,1415m,1,0.34,2.34,0.77,0.63,1.09375,0.781247,0.958298,0.041702
Campanula cochleariifolia,5891267338,2006,8,16,2006-08-16T00:00,228,47.155576,9.299384,2011,NA,NA,2011m,1,0.15,1.73,0.68,0.35,1.655172,0.62891300000000006,0.936944,0.063056
Campanula cochleariifolia,5891267341,1879,7,25,1879-07-25T00:00,206,47.423508,9.547642,NA,NA,1338,NA,3,0.18,2.31,0.84,0.42,1.43617,0.433389,0.871055,0.128945
Campanula cochleariifolia,5891267349,1903,7,18,1903-07-18T00:00,199,47.295794,9.076439,780,NA,417,780m,1,0.19,2.29,0.98,0.3,1.294737,0.466018,0.917651,0.082349
Campanula cochleariifolia,5891267356,1898,8,8,1898-08-08T00:00,220,46.927733,9.456102,NA,NA,9239,NA,10,0.25,3.71,1.4649999999999999,0.275,0.8685215,0.19923849999999999,0.787282,0.21271800000000002
Campanula cochleariifolia,5891267362,2006,8,16,2006-08-16T00:00,228,47.153571,9.30372,2273,NA,NA,2273m,1,0.15,2.05,0.91,0.24,6.35,0.450001,0.951552,0.048448
Campanula cochleariifolia,5891267368,1902,8,24,1902-08-24T00:00,236,47.292786,9.041965,NA,NA,365,NA,2,0.11,2.1799999999999997,0.885,0.245,1.1692945,0.234653,0.755845,0.244155
Campanula cochleariifolia,5891267369,1915,8,20,1915-08-20T00:00,232,47.188007,9.250749,875,NA,1170,875m,18,0.06,1.565,0.595,0.20500000000000002,1.6667684999999999,0.33515799999999996,0.835118,0.164882
Campanula cochleariifolia,5891267375,1922,6,20,1922-06-20T00:00,171,47.170814,9.478176,449,NA,624,NA,8,0.05,1.315,0.53,0.195,0.9134614999999999,0.37194499999999997,0.8922685,0.10773150000000001
Campanula cochleariifolia,5891267384,1913,6,24,1913-06-24T00:00,175,47.332208,9.138079,660,NA,845,660m,10,0.15,2.135,0.825,0.33,0.7475845,0.5395795,0.9416475,0.0583525
Campanula cochleariifolia,5891267390,2006,8,16,2006-08-16T00:00,228,47.155845,9.301108,2109,NA,NA,2109m,4,0.21000000000000002,2.77,1.1600000000000001,0.355,2.145743,0.4534485,0.90109,0.09891
Campanula cochleariifolia,5891267391,2006,8,16,2006-08-16T00:00,228,47.153571,9.30372,2273,NA,NA,2273m,6,0.055,1.58,0.65,0.19,1.086949,0.3138785,0.8090465,0.1909535
Campanula cochleariifolia,5891267392,1891,8,18,1891-08-18T00:00,230,46.977251,9.511211,NA,NA,945,NA,3,0.49,2.97,1.05,0.52,0.772358,0.700673,0.9516,0.0484
Campanula cochleariifolia,5891267394,1891,8,12,1891-08-12T00:00,224,46.926922,9.467095,NA,NA,802,NA,2,0.38,3.3200000000000003,1.32,0.54,1.1405474999999998,0.39469,0.891576,0.10842399999999999
Campanula cochleariifolia,5891267400,2006,8,16,2006-08-16T00:00,228,47.155845,9.301108,2109,NA,NA,2109m,3,0.06,1.77,0.74,0.24,0.855769,0.252111,0.877319,0.122681
Campanula cochleariifolia,5891267403,1889,6,20,1889-06-20T00:00,171,47.126127,9.206262,NA,NA,9863,NA,4,0.14,2.0500000000000003,0.8200000000000001,0.35,0.86025,0.520707,0.8987134999999999,0.1012865
Campanula cochleariifolia,5891267405,1938,6,25,1938-06-25T00:00,176,47.460472,9.16438,510,NA,94,510m,4,0.065,1.5750000000000002,0.67,0.2,1.7080795,0.29404549999999996,0.7929010000000001,0.207099
Campanula cochleariifolia,5891267406,2006,7,27,2006-07-27T00:00,208,47.180177,9.297601,1415,NA,NA,1415m,8,0.22499999999999998,2.105,0.765,0.475,1.4626695,0.653343,0.936043,0.063957
Campanula cochleariifolia,5891267408,1912,8,3,1912-08-03T00:00,216,47.148234,9.295468,NA,NA,545,NA,1,0.04,1.45,0.61,0.23,1.045455,0.229193,0.800836,0.199164
Campanula cochleariifolia,5891267416,2006,7,9,2006-07-09T00:00,190,47.16925,9.296165,1562,NA,NA,1562m,2,0.095,1.945,0.845,0.22000000000000003,2.8829025,0.301958,0.8359300000000001,0.16407
Campanula cochleariifolia,5891267418,1903,7,NA,1903-07,66,47.137223,9.286423,850,NA,900,850m,11,0.1,1.59,0.66,0.25,1.148649,0.283068,0.86291,0.13709
Campanula cochleariifolia,5891267433,1856,7,NA,1856-07,NA,47.39212,9.509887,NA,NA,763,NA,11,0.17,2.22,0.84,0.29,0.940594,0.387532,0.889366,0.110634
Campanula cochleariifolia,5891267435,2006,8,16,2006-08-16T00:00,228,47.166591,9.298699,1681,NA,NA,1681m,1,0.16,1.73,0.62,0.38,0.722892,0.656408,0.935882,0.064118
Campanula cochleariifolia,5891267441,1903,6,28,1903-06-28T00:00,179,47.122305,9.206096,NA,NA,9956,NA,1,0.15,2.19,0.9,0.34,2.5,0.396455,0.864189,0.135811
Campanula cochleariifolia,5891267446,2006,7,27,2006-07-27T00:00,208,47.180177,9.297601,1415,NA,NA,1415m,1,0.04,1.26,0.55,0.18,0.526316,0.301684,0.843575,0.156425
Campanula cochleariifolia,5891267450,1911,7,26,1911-07-26T00:00,207,47.142169,9.259008,NA,NA,475,NA,7,0.16,2.48,0.96,0.35,0.945055,0.275772,0.86583,0.13417
Campanula cochleariifolia,5891267482,1923,7,21,1923-07-21T00:00,202,47.170814,9.478176,NA,NA,624,NA,31,0.06,1.58,0.68,0.21,1.054545,0.340278,0.89934,0.10066
Campanula cochleariifolia,5891267484,2006,8,16,2006-08-16T00:00,228,47.155576,9.299384,2011,NA,NA,2011m,2,0.12,1.75,0.715,0.305,1.2336675000000001,0.4744305,0.9114964999999999,0.0885035
Campanula cochleariifolia,5891267492,2006,8,16,2006-08-16T00:00,228,47.161377,9.301208,1812,NA,NA,1812m,3,0.12,1.77,0.74,0.26,2.135135,0.707989,0.954453,0.045547
Campanula cochleariifolia,5891267493,2006,8,16,2006-08-16T00:00,228,47.155576,9.299384,2011,NA,NA,2011,2,0.32999999999999996,2.455,0.815,0.6399999999999999,1.2831929999999998,0.690279,0.926385,0.073615
Campanula cochleariifolia,5891267511,1909,7,NA,1909-07,250,47.09933,9.243431,800,NA,959,800m,16,0.54,4.085,1.46,0.585,1.0774685,0.45941699999999996,0.9039855,0.0960145
Campanula cochleariifolia,5892233322,1945,NA,NA,1945,NA,46.91954,9.441765,1440,NA,356,1440m,28,0.24,3.565,1.4849999999999999,0.355,0.706472,0.29364,0.9164985,0.0835015
Campanula cochleariifolia,5892233337,1944,7,6,1944-07-06T00:00,188,47.385606,9.654021,NA,NA,2531,NA,7,0.36,2.96,0.99,0.63,0.735714,0.600998,0.941237,0.058763
Campanula cochleariifolia,5892233352,1945,NA,NA,1945,NA,46.91954,9.441765,1440,NA,356,1440m,18,0.29000000000000004,3.3150000000000004,1.335,0.4,1.0423945,0.453819,0.918662,0.081338
Campanula cochleariifolia,5892233353,1954,NA,NA,1954,NA,46.91954,9.441765,NA,NA,NA,NA,14,0.425,3.5,1.26,0.49,0.716899,0.543488,0.9305285,0.06947149999999999
Campanula cochleariifolia,5892233355,1945,NA,NA,1945,NA,46.91954,9.441765,1440,NA,356,1440m,10,0.345,3.8,1.56,0.425,1.1781700000000002,0.3975535,0.9126595,0.0873405
Campanula cochleariifolia,5892233371,1954,NA,NA,1954,NA,46.91954,9.441765,NA,NA,NA,NA,28,0.235,2.9450000000000003,1.2,0.31,0.8464285,0.338966,0.916833,0.08316699999999999
Campanula cochleariifolia,5892233380,1954,NA,NA,1954,NA,46.91954,9.441765,NA,NA,NA,NA,9,0.25,2.77,1.07,0.46,0.746154,0.524891,0.901025,0.098975
Campanula cochleariifolia,5892233387,1944,7,6,1944-07-06T00:00,188,47.385606,9.654021,NA,NA,2531,NA,42,0.155,1.97,0.84,0.33999999999999997,1.163492,0.5073085,0.930689,0.069311
Campanula cochleariifolia,5892233391,1944,7,6,1944-07-06T00:00,188,47.385606,9.654021,NA,NA,2531,NA,2,0.155,3.175,1.065,0.35,2.4369065,0.19452049999999999,0.789311,0.21068900000000002
Campanula cochleariifolia,5893167304,1918,6,13,1918-06-13T00:00,164,46.246149,9.154015,300,NA,835,300m,7,0.1,1.43,0.59,0.29,1.73913,0.581368,0.919679,0.080321
Campanula cochleariifolia,5893167306,1941,NA,NA,1941,NA,46.681036,9.884484,2000,NA,NA,2000m,11,0.14,2.31,0.88,0.33,0.654545,0.342528,0.836429,0.163571
Campanula cochleariifolia,5893167310,1901,9,10,1901-09-10T00:00,253,46.809904,9.82301,1900,NA,353,1900m,12,0.27,3.225,1.37,0.36,0.9834905,0.26023,0.88819,0.11181
Campanula cochleariifolia,5893167311,2006,8,23,2006-08-23T00:00,235,46.807995,9.818259,1985,NA,NA,1978 m,5,0.27,3.23,1.46,0.33,2.092308,0.298416,0.919757,0.080243
Campanula cochleariifolia,5893167312,1904,7,23,1904-07-23T00:00,205,46.824288,9.606239,NA,NA,1058,NA,5,0.18,2.39,1.03,0.31,1.595238,0.418028,0.943964,0.056036
Campanula cochleariifolia,5893167315,1921,8,NA,1921-08,NA,46.605439,9.560583,NA,NA,961,NA,13,0.29,3.37,1.43,0.45,1.448,0.347805,0.881294,0.118706
Campanula cochleariifolia,5893167318,1979,7,7,1979-07-07T00:00,188,46.589464,10.410233,1800,NA,1656,NA,6,0.16499999999999998,2.205,0.95,0.29000000000000004,1.3540990000000002,0.320176,0.888147,0.11185300000000001
Campanula cochleariifolia,5893167320,1900,7,NA,1900-07,NA,46.768327,9.061228,NA,NA,NA,NA,11,0.36,2.97,1.16,0.51,0.858696,0.568522,0.942988,0.057012
Campanula cochleariifolia,5893167325,1987,7,13,1987-07-13T00:00,194,46.795876,9.405799,600,NA,NA,600m,8,0.11,1.92,0.735,0.3,1.371212,0.545167,0.8999174999999999,0.10008249999999999
Campanula cochleariifolia,5893167329,1913,9,1,1913-09-01T00:00,244,46.763814000000004,9.67728,1870,NA,241,1870m,17,0.39,3.95,1.62,0.5,1.238636,0.374334,0.914905,0.085095
Campanula cochleariifolia,5893167331,1920,8,8,1920-08-08T00:00,221,46.624617,10.015905,1654,NA,1873,NA,28,0.33999999999999997,3.33,1.25,0.47,1.2377159999999998,0.46053849999999996,0.9259865,0.0740135
Campanula cochleariifolia,5893167334,1899,8,10,1899-08-10T00:00,222,46.4217,9.727545,1799,NA,3341,NA,13,0.17,2.71,1.16,0.32,0.84466,0.246112,0.767949,0.232051
Campanula cochleariifolia,5893167335,1900,8,5,1900-08-05T00:00,217,46.679724,10.209303,2681,NA,NA,NA,10,0.28,3.0549999999999997,1.29,0.4,1.995791,0.3495425,0.8947465,0.1052535
Campanula cochleariifolia,5893167336,1901,8,28,1901-08-28T00:00,240,46.65786,10.135244,2548,NA,539,NA,2,0.12,2.465,1.08,0.26,1.418418,0.270509,0.8446834999999999,0.1553165
Campanula cochleariifolia,5893167337,1918,6,13,1918-06-13T00:00,164,46.246149,9.154015,330,NA,835,330m,4,0.095,1.5,0.615,0.27,1.6421005,0.502255,0.8810205,0.1189795
Campanula cochleariifolia,5893167338,2006,8,23,2006-08-23T00:00,235,46.807995,9.818259,1978,NA,NA,1978,4,0.14,2.15,0.94,0.275,1.8221155,0.4037155,0.9012895,0.0987105
Campanula cochleariifolia,5893167339,1940,7,10,1940-07-10T00:00,192,46.884347,9.478035,2109,NA,4209,NA,16,0.185,2.47,1.01,0.355,0.7441265,0.36104250000000004,0.877281,0.12271900000000001
Campanula cochleariifolia,5893167341,1919,8,NA,1919-08,NA,46.861562,9.573088,1500,NA,NA,1500m,25,0.21,2.73,1.18,0.34,1.2,0.395301,0.915982,0.084018
Campanula cochleariifolia,5893167342,1917,7,4,1917-07-04T00:00,185,46.246149,9.154015,300,NA,835,300m,6,0.16,1.955,0.78,0.33999999999999997,1.007155,0.441293,0.862503,0.137497
Campanula cochleariifolia,5893167344,1903,8,2,1903-08-02T00:00,214,46.626577,10.125382,2210,NA,1547,NA,1,0.09,2.61,1.15,0.27,0.365591,0.167162,0.749432,0.250568
Campanula cochleariifolia,5893167346,1889,7,23,1889-07-23T00:00,204,46.776458,9.666871,NA,NA,NA,NA,1,0.42,3.43,1.44,0.56,2.389474,0.44565,0.932399,0.067601
Campanula cochleariifolia,5893167350,1920,7,14,1920-07-14T00:00,196,46.823031,9.696894,1260,NA,NA,1260m,7,0.14,2.23,0.86,0.33,1.138298,0.29289,0.871091,0.128909
Campanula cochleariifolia,5893167351,1901,8,28,1901-08-28T00:00,240,46.603675,10.175228,1802,NA,7389,NA,6,0.1,2.02,0.81,0.245,1.8726745,0.3387505,0.870695,0.129305
Campanula cochleariifolia,5893167353,1984,7,17,1984-07-17T00:00,199,46.760873,8.879313,1500,NA,NA,1500m,6,0.055,2.395,0.96,0.195,1.0647745,0.2112435,0.7533385,0.2466615
Campanula cochleariifolia,5893167354,1894,8,8,1894-08-08T00:00,220,46.732739,9.851083,NA,NA,5677,NA,2,0.08499999999999999,2.02,0.845,0.19999999999999998,2.7852415,0.2123255,0.6518375000000001,0.34816250000000004
Campanula cochleariifolia,5893167355,1928,8,4,1928-08-04T00:00,217,46.742057,9.828732,NA,NA,3683,NA,2,0.09,3.125,0.8200000000000001,0.35,0.7910510000000001,0.14014,0.6313065,0.3686935
Campanula cochleariifolia,5893167357,1896,8,15,1896-08-15T00:00,228,46.877053,9.598618,1962,NA,866,NA,8,0.185,2.575,1.1,0.325,2.435228,0.31305700000000003,0.840085,0.159915
Campanula cochleariifolia,5893167358,2006,8,23,2006-08-23T00:00,235,46.808935,9.80767,2199,NA,NA,2199m,2,0.095,2.08,0.935,0.215,0.7756205,0.2741915,0.871943,0.128057
Campanula cochleariifolia,5893167360,1959,7,2,1959-07-02T00:00,183,46.848405,9.273491,1500,NA,NA,1500m,2,0.08,1.645,0.69,0.215,0.708626,0.354156,0.8694215000000001,0.13057850000000001
Campanula cochleariifolia,5893167361,1913,7,31,1913-07-31T00:00,212,46.772492,9.710599,2152,NA,NA,2150 m,1,0.03,1,0.42,0.18,1.125,0.37339,0.900677,0.099323
Campanula cochleariifolia,5893167362,1902,9,16,1902-09-16T00:00,259,46.296057,10.016742,2300,NA,NA,2300m,9,0.06,2.29,0.91,0.22,1.228571,0.22399,0.730948,0.269052
Campanula cochleariifolia,5893167363,1904,6,30,1904-06-30T00:00,182,46.500395,9.837882,NA,NA,NA,NA,7,0.39,4.32,1.86,0.4,1.27572,0.275917,0.924296,0.075704
Campanula cochleariifolia,5893167364,1917,8,13,1917-08-13T00:00,225,46.789489,9.638742,NA,NA,NA,NA,10,0.155,2.825,1.15,0.295,1.8146589999999998,0.1677535,0.6866275,0.3133725
Campanula cochleariifolia,5893167365,1988,7,11,1988-07-11T00:00,193,46.795876,9.405799,600,NA,NA,600m,41,0.13,1.71,0.64,0.35,0.929577,0.531902,0.918687,0.081313
Campanula cochleariifolia,5893167366,1901,7,NA,1901-07,7,46.969549,9.815411,NA,NA,NA,NA,4,0.07,1.48,0.645,0.20500000000000002,2.3694445,0.3475835,0.888889,0.111111
Campanula cochleariifolia,5893167367,1899,8,10,1899-08-10T00:00,222,46.4217,9.727545,1799,NA,3341,NA,25,0.13,2.33,0.97,0.29,1.197183,0.294718,0.824235,0.175765
Campanula cochleariifolia,5893167368,1895,7,NA,1895-07,NA,46.620865,9.736032,1752,NA,2674,NA,3,0.22,2.07,0.81,0.47,0.871287,0.655995,0.954681,0.045319
Campanula cochleariifolia,5893167369,1918,8,6,1918-08-06T00:00,218,46.597159,9.565395,NA,NA,NA,NA,1,0.09,2.11,0.84,0.23,0.872,0.253256,0.806844,0.193156
Campanula cochleariifolia,5893167372,1917,8,22,1917-08-22T00:00,234,46.762211,9.687529,NA,NA,502,NA,1,0.15,2.72,1.16,0.43,2.149533,0.261252,0.68327,0.31673
Campanula cochleariifolia,5893167377,1956,8,9,1956-08-09T00:00,222,46.601909,9.958912,1727,NA,1766,NA,27,0.17,2.5,1.04,0.33,1.198198,0.283254,0.849706,0.150294
Campanula cochleariifolia,5893167385,1901,8,28,1901-08-28T00:00,240,46.357406,10.018576,NA,NA,NA,NA,1,0.16,2.05,0.9,0.3,1.09375,0.477489,0.950869,0.049131
Campanula cochleariifolia,5893167387,2006,8,23,2006-08-23T00:00,235,46.807995,9.818259,1978,NA,NA,1978m,6,0.14,2.4299999999999997,1.03,0.28,1.644531,0.33508,0.8789815000000001,0.1210185
Campanula cochleariifolia,5893167388,1906,7,30,1906-07-30T00:00,211,46.513677,9.857932,1734,NA,NA,NA,5,0.2,2.66,1,0.33,3.490566,0.216679,0.715048,0.284952
Campanula cochleariifolia,5893167389,1917,7,4,1917-07-04T00:00,185,46.246149,9.154015,330,NA,835,330m,7,0.1,2.03,0.83,0.3,1.190476,0.247777,0.877783,0.122217
Campanula cochleariifolia,5893167390,1913,8,21,1913-08-21T00:00,233,46.776723,9.68688,1600,NA,360,1600m,8,0.185,2,0.725,0.305,1.0668465,0.4529095,0.928884,0.071116
Campanula cochleariifolia,5893167391,1906,8,11,1906-08-11T00:00,223,46.42662,10.040324,2300,NA,NA,2300m,13,0.13,1.75,0.62,0.35,0.886364,0.5926,0.952727,0.047273
Campanula cochleariifolia,5893167392,1898,8,2,1898-08-02T00:00,214,46.532449,9.836626,2850,NA,NA,NA,16,0.22999999999999998,3.035,1.065,0.43999999999999995,1.117302,0.330576,0.8648184999999999,0.1351815
Campanula cochleariifolia,5893167394,2006,8,23,2006-08-23T00:00,235,46.80621,9.824891,1806,NA,NA,1806,5,0.26,3.07,1.38,0.35,1.902439,0.294507,0.911631,0.088369
Campanula cochleariifolia,5893167395,1918,8,6,1918-08-06T00:00,218,46.597159,9.565395,NA,NA,NA,NA,7,0.17,2.56,1.08,0.28,1.831169,0.297863,0.883755,0.116245
Campanula cochleariifolia,5893167396,1890,7,20,1890-07-20T00:00,201,46.421311,9.727401,1799,NA,2994,NA,3,0.1,2.59,1.12,0.29,0.902256,0.184011,0.657083,0.342917
Campanula cochleariifolia,5893167397,1919,8,NA,1919-08,NA,46.861562,9.573088,1500,NA,NA,1500m,36,0.16,2.575,1.065,0.325,1.4615974999999999,0.410334,0.892809,0.10719100000000001
Campanula cochleariifolia,5893167399,1898,8,NA,1898-08,NA,46.394171,9.776186,2038,NA,3504,NA,3,0.31,4.42,1.84,0.39,1.278846,0.230727,0.814625,0.185375
Campanula cochleariifolia,5893167400,1925,8,12,1925-08-12T00:00,224,46.80636,9.828106,1700,NA,NA,1700m,24,0.265,2.89,1.2149999999999999,0.35,0.951435,0.355583,0.916215,0.083785
Campanula cochleariifolia,5893167403,1920,7,14,1920-07-14T00:00,196,46.82303,9.696894,1260,NA,NA,1260m,10,0.275,2.69,1.065,0.355,1.5206155,0.3717485,0.8966125,0.1033875
Campanula cochleariifolia,5893167404,1920,9,4,1920-09-04T00:00,248,46.781794,9.706461,1880,NA,545,1880m,9,0.12,2.18,0.94,0.29,1.05,0.32212,0.867377,0.132623
Campanula cochleariifolia,5893167411,1913,7,17,1913-07-17T00:00,198,46.883067,9.857202,1020,NA,187,1020m,9,0.58,4.52,1.91,0.53,0.614458,0.363387,0.892655,0.107345
Campanula cochleariifolia,5893167416,1945,6,29,1945-06-29T00:00,180,46.673888,9.687753,1046,NA,NA,NA,2,0.22500000000000003,3.075,1.29,0.42,1.048964,0.312615,0.8081695,0.1918305
Campanula cochleariifolia,5893167417,1902,7,6,1902-07-06T00:00,187,46.849489,9.537313,675,NA,370,NA,4,0.31,2.62,0.99,0.495,0.5841814999999999,0.6017075,0.9365684999999999,0.0634315
Campanula cochleariifolia,5893167419,1907,8,2,1907-08-02T00:00,214,46.768597,9.789378,NA,NA,893,NA,1,0.11,3.32,1.23,0.52,1,0.128724,0.329248,0.670752
Campanula cochleariifolia,5893167421,1977,7,14,1977-07-14T00:00,195,46.92479,10.361803,2070,NA,1910,NA,5,0.15,2.62,1.04,0.3,1.060345,0.34561,0.894155,0.105845
Campanula cochleariifolia,5893167426,1915,7,16,1915-07-16T00:00,197,46.500937,9.842307,1885,NA,84,NA,20,0.08499999999999999,2.56,1.08,0.25,1.2600850000000001,0.1627285,0.681638,0.31836200000000003
Campanula cochleariifolia,5931831523,1996,7,7,1996-07-07,189,42.8825,13.20083,1550,NA,NA,NA,5,0.03,1.1,0.48,0.17,0.552632,0.292481,0.851441,0.148559
Campanula cochleariifolia,911747431,2013,7,19,2013-07-19,200,47.55833,11.47778,790,NA,NA,NA,9,0.13,2.04,0.86,0.31,1.109589,0.359388,0.908643,0.091357
Aster alpinus,1697291115,1980,8,15,1980-08-15,228,52.264613,93.101004,570,NA,1000,570,3,0.37,4.8,2.16,0.39,0.417323,0.228665,0.839008,0.160992
Aster alpinus,1697681844,1934,7,11,1934-07-11,192,53.434873,49.680327,NA,NA,NA,NA,2,1.425,8.74,3.665,0.7849999999999999,2.127534,0.2341625,0.7878164999999999,0.2121835
Aster alpinus,1697681848,1961,7,19,1961-07-19,200,53.35,57.783333,NA,NA,NA,NA,2,0.285,3.2199999999999998,1.31,0.365,0.6998719999999999,0.3398355,0.879149,0.120851
Aster alpinus,1697841638,1959,7,16,1959-07-16,197,43.241178,42.48316,NA,NA,2500,NA,9,0.33,4.1,1.76,0.37,0.889262,0.286371,0.849295,0.150705
Aster alpinus,1701319345,1967,8,1,1967-08-01,213,62.65769,8.70421,130,NA,37081,NA,6,0.61,6.13,2.5549999999999997,0.49,0.8290245,0.25577300000000003,0.835646,0.164354
Aster alpinus,1804597010,1977,7,29,1977-07-29,210,55.8667,-86.7667,NA,NA,NA,NA,14,0.79,6.725,2.925,0.525,0.4655135,0.2261695,0.8726835,0.1273165
Aster alpinus,187094572,1987,8,1,1987-08-01,213,62.5399,9.1069,NA,NA,707,NA,4,1.095,7.145,2.88,0.7050000000000001,0.40896849999999996,0.26890800000000004,0.804481,0.195519
Aster alpinus,1913349891,2013,7,17,2013-07-17,198,60.4076,-137.613,NA,NA,NA,1099m-1099m,3,0.95,5.78,2.31,0.87,1.108696,0.262975,0.851267,0.148733
Aster alpinus,1929437316,1973,6,25,1973-06-25,176,68.73,-136.32,NA,NA,NA,NA,8,0.3,4.05,1.795,0.37,0.38411850000000003,0.18982300000000002,0.7915795,0.2084205
Aster alpinus,1929599078,1936,5,19,1936-05-19,140,40.864591,-73.877952,NA,NA,NA,NA,3,0.42,6.05,2.53,0.37,0.693333,0.141033,0.74303,0.25697
Aster alpinus,1930255539,1936,5,19,1936-05-19,140,40.864591,-73.877952,NA,NA,NA,NA,4,1.215,6.4399999999999995,2.56,0.79,0.4324665,0.27232449999999997,0.835685,0.164315
Aster alpinus,1930561549,1919,7,21,1919-07-21,202,38.772216,-106.561696,NA,NA,NA,9800 ft,3,2.04,12.23,5.29,0.89,2.266667,0.270733,0.751611,0.248389
Aster alpinus,1935653426,1903,8,2,1903-08-02,214,46.62139,12.90611,1540,NA,500,NA,4,0.23,2.52,1.095,0.4,1.2888345,0.41280150000000004,0.9145905,0.0854095
Aster alpinus,1935653685,2014,7,24,2014-07-24,205,47.75861,15.835,1795,NA,50,NA,1,0.08,2.23,0.98,0.34,0.734375,0.207403,0.776882,0.223118
Aster alpinus,1935654059,1860,NA,NA,1860,NA,47.76667,15.80417,NA,NA,1000,NA,3,0.06,1.71,0.74,0.25,0.6875,0.245596,0.668831,0.331169
Aster alpinus,1988120510,1948,7,14,1948-07-14,196,61.766667,-138.616667,NA,NA,NA,NA,4,0.8049999999999999,6.04,2.65,0.61,0.6047724999999999,0.259994,0.865238,0.134762
Aster alpinus,1988166850,1989,7,26,1989-07-26,207,59.166667,-125.833333,NA,NA,NA,NA,3,0.36,3.32,1.37,0.47,0.65528,0.232346,0.69323,0.30677
Aster alpinus,1988239699,1944,7,18,1944-07-18,200,60.95,-138.416667,NA,NA,NA,4200 ft,3,0.21,3.53,1.17,0.39,0.833333,0.245579,0.735291,0.264709
Aster alpinus,2242373971,1998,7,26,1998-07-26,207,39.834352,-105.430803,2585,NA,NA,8480 FT,1,0.51,4.91,2.1,0.62,0.485356,0.266434,0.745767,0.254233
Aster alpinus,2242388661,2001,7,8,2001-07-08,189,39.834263,-105.428126,2591,NA,NA,8500 FT ca,2,1.435,8.755,3.8449999999999998,0.725,0.708746,0.2374115,0.8070845,0.19291550000000002
Aster alpinus,2242399217,1887,6,NA,1887-06,NA,46.021256,7.74912,1620,NA,5300,5315 ft.,4,1.4,7.77,3.325,0.775,0.7599739999999999,0.24637549999999997,0.818638,0.181362
Aster alpinus,2242399704,1981,5,25,1981-05-25,145,39.732042,-104.961511,NA,NA,227,NA,3,0.54,5.39,2.26,0.46,0.508982,0.179638,0.822201,0.177799
Aster alpinus,2562058950,1971,6,26,1971-06-26,177,60.5,59.94,NA,NA,1000,NA,7,0.77,5.58,2.43,0.58,0.653465,0.282538,0.881306,0.118694
Aster alpinus,2575335065,1920,6,28,1920-06-28T00:00,180,46.699836,9.736612,1250,NA,NA,1250 m,5,0.48,4.7,1.73,0.42,0.392308,0.188404,0.76504,0.23496
Aster alpinus,2575336097,1900,7,NA,1900-07,NA,46.807814,9.774034,2500,NA,NA,2500 m,5,0.5,4.85,2.14,0.49,1.065217,0.26986,0.825732,0.174268
Aster alpinus,2575336739,1919,9,11,1919-09-11T00:00,254,46.819536,9.81195,2350,NA,NA,2350 m,1,0.73,4.83,1.98,0.65,2.026667,0.394862,0.890487,0.109513
Aster alpinus,2575338702,1879,7,NA,1879-07,NA,46.868043,9.767876,2388,NA,NA,2400 m,2,0.685,5.915,2.1849999999999996,0.59,1.7609945,0.2849075,0.7158815000000001,0.2841185
Aster alpinus,2575338727,1910,7,29,1910-07-29T00:00,210,46.812679,9.796457,2344,NA,NA,2300 m,2,0.18,2.65,1.01,0.315,1.370918,0.297247,0.7522845,0.24771549999999998
Aster alpinus,2806790332,1892,8,NA,1892-08,NA,46.22222,10.84972,NA,NA,NA,NA,1,0.18,2.78,1.18,0.31,3.28125,0.293696,0.787208,0.212792
Aster alpinus,2806795331,1900,8,NA,1900-08,NA,46.29694,11.78333,NA,NA,NA,NA,6,1.1600000000000001,6.155,2.69,0.78,0.6154759999999999,0.3291325,0.863559,0.136441
Aster alpinus,2806797328,1871,8,NA,1871-08,NA,47.65,13.76722,NA,NA,NA,NA,3,0.23,2.76,1.11,0.4,1,0.376656,0.849767,0.150233
Aster alpinus,3059534376,2015,7,25,2015-07-25,206,44.105,40.88833,1150,NA,NA,NA,6,0.61,4.59,1.9649999999999999,0.515,0.345342,0.3558975,0.9206105,0.0793895
Aster alpinus,3059536370,2015,6,25,2015-06-25,176,43.77972,42.20556,2100,NA,NA,NA,4,0.07500000000000001,1.665,0.64,0.245,0.62449,0.2792305,0.7623715,0.23762850000000002
Aster alpinus,3383279465,1967,7,12,1967-07-12T00:00,193,46.9575,8.674722,1930,NA,NA,NA,2,0.8999999999999999,6.3999999999999995,2.69,0.62,0.748861,0.3340685,0.8533645,0.1466355
Aster alpinus,3383288636,1881,8,NA,1881-08,NA,46.019167,7.745833,1624,NA,NA,NA,1,0.36,3.94,1.69,0.39,1.80315,0.295973,0.878261,0.121739
Aster alpinus,3383288755,1990,9,18,1990-09-18T00:00,261,46.053889,7.952222,2265,NA,NA,2270 m,1,0.62,5.4,2.13,0.55,0.991597,0.267165,0.758205,0.241795
Aster alpinus,3383288819,1898,7,14,1898-07-14T00:00,195,46.246944,7.583056,1600,NA,NA,1400 - 1700 m,10,1.935,8.225,3.55,0.9199999999999999,0.9095315,0.3377485,0.9315565,0.0684435
Aster alpinus,3383289808,1918,6,19,1918-06-19T00:00,170,46.225277,7.225278,1845,NA,NA,1850 m,4,0.3,3.885,1.6749999999999998,0.37,0.525911,0.252129,0.854353,0.145647
Aster alpinus,3383289850,1950,6,4,1950-06-04T00:00,155,46.25,7.876111,701,NA,NA,700 m,3,0.58,4.77,2.06,0.59,1.584821,0.175954,0.723189,0.276811
Aster alpinus,3383290767,1949,8,1,1949-08-01T00:00,213,46.015556,7.770278,2236,NA,NA,2330 m,13,0.35,4.74,1.88,0.52,1.120482,0.195642,0.734203,0.265797
Aster alpinus,3383290817,1897,6,7,1897-06-07T00:00,158,46.219166,7.403333,853,NA,NA,NA,2,0.79,5.785,2.535,0.585,0.620242,0.283495,0.7899229999999999,0.210077
Aster alpinus,3383290820,1903,7,28,1903-07-28T00:00,209,46.374319,8.2087039999999991,1688,NA,NA,NA,12,0.525,4.905,2.105,0.44,0.958709,0.2071945,0.7724219999999999,0.227578
Aster alpinus,3383290841,1897,6,NA,1897-06,NA,46.214722,7.399167,966,NA,NA,NA,14,1.88,8.43,3.385,0.96,0.6374565,0.330539,0.868464,0.131536
Aster alpinus,3383291911,1949,7,24,1949-07-24T00:00,205,46.413611,7.721111,2657,NA,NA,2650 m,6,0.56,5.575,2.4000000000000004,0.535,0.672623,0.266645,0.7795815,0.2204185
Aster alpinus,3383292834,1948,8,11,1948-08-11T00:00,224,46.094722,7.908056,2101,NA,NA,2100 m,1,1.02,7.07,2.71,0.62,2.122905,0.255643,0.80195,0.19805
Aster alpinus,3383293367,1877,7,5,1877-07-05T00:00,186,46.325833,7.628889,926,NA,NA,NA,6,0.78,6.135,2.55,0.6799999999999999,1.4281730000000001,0.273806,0.758246,0.241754
Aster alpinus,3383293499,1914,7,NA,1914-07,NA,46.2525,7.593889,1965,NA,NA,NA,1,0.14,2.64,1.15,0.27,0.282486,0.255334,0.758431,0.241569
Aster alpinus,3383293542,1939,7,13,1939-07-13T00:00,194,46.315277,7.785278,793,NA,NA,NA,1,0.52,3.89,1.54,0.51,0.35865,0.435687,0.929677,0.070323
Aster alpinus,3383293562,1915,6,20,1915-06-20T00:00,171,46.139166,7.076667,1535,NA,NA,1540 m,1,0.05,0.98,0.39,0.18,0.558824,0.594346,0.941296,0.058704
Aster alpinus,3383293753,1945,7,16,1945-07-16T00:00,197,46.108789,7.921055,1921,NA,NA,1900 m,8,0.535,5.84,2.495,0.485,0.5511010000000001,0.235708,0.7972125,0.2027875
Aster alpinus,3383294637,1981,8,13,1981-08-13T00:00,225,46.359722,7.681944,2297,NA,NA,2250 - 2350 m,3,0.46,5,2.18,0.39,0.977528,0.232592,0.857674,0.142326
Aster alpinus,3383294926,1876,6,20,1876-06-20T00:00,172,46.214722,7.399167,966,NA,NA,NA,11,0.6,4.26,1.91,0.52,0.883978,0.312085,0.903637,0.096363
Aster alpinus,3383295485,1919,7,27,1919-07-27T00:00,208,46.014722,7.740278,1640,NA,NA,1650 m,7,1.24,7.79,3.45,0.59,0.420408,0.272091,0.87138,0.12862
Aster alpinus,3383295833,1897,6,NA,1897-06,NA,46.214722,7.399167,966,NA,NA,NA,5,0.92,6.33,2.8,0.58,0.634146,0.270808,0.868434,0.131566
Aster alpinus,3383295851,1949,7,20,1949-07-20T00:00,201,46.015555,7.770278,2236,NA,NA,2330 m,3,0.24,3.4,1.39,0.42,2.318182,0.260767,0.839439,0.160561
Aster alpinus,3383296564,1911,8,8,1911-08-08T00:00,220,46.010833,7.803889,2479,NA,NA,NA,2,0.20500000000000002,3.3,1.385,0.4,1.5819765000000001,0.26005100000000003,0.629934,0.370066
Aster alpinus,3383296713,1982,6,30,1982-06-30T00:00,181,46.151388,7.635278,2265,NA,NA,2100 - 2400 m,1,0.12,2.51,1.08,0.24,0.944444,0.232256,0.873309,0.126691
Aster alpinus,3383296733,1979,6,4,1979-06-04T00:00,155,46.295833,7.8678,652,NA,NA,NA,7,0.69,5.32,2.18,0.58,0.776119,0.320689,0.934409,0.065591
Aster alpinus,3383296908,1904,5,NA,1904-05,95,46.214722,7.399167,966,NA,NA,NA,6,0.9550000000000001,6.6899999999999995,2.915,0.645,0.5187265,0.2423535,0.8436520000000001,0.156348
Aster alpinus,3383296921,1949,7,20,1949-07-20T00:00,201,46.013056,7.803611,2557,NA,NA,2550 m,4,0.23,3.84,1.7,0.31,1.7730264999999998,0.196463,0.711592,0.288408
Aster alpinus,3383307794,1975,7,23,1975-07-23T00:00,204,46.3725,7.971111,2143,NA,NA,NA,2,0.25,2.99,1.225,0.33,1.6204435,0.35606800000000005,0.8992095,0.1007905
Aster alpinus,3383323465,1875,6,NA,1875-06,NA,46.252778,7.494722,667,NA,NA,NA,3,0.69,5.56,2.4,0.55,0.613811,0.256094,0.817619,0.182381
Aster alpinus,3383323467,1878,6,30,1878-06-30T00:00,181,46.229444,7.344722,501,NA,NA,500 m,1,3.38,9.02,3.88,1.22,0.365419,0.522453,0.982209,0.017791
Aster alpinus,3383323736,1896,7,NA,1896-07,NA,45.997222,7.751111,2246,NA,NA,NA,6,0.8500000000000001,7.619999999999999,3.34,0.645,1.0773920000000001,0.204191,0.7582880000000001,0.24171199999999998
Aster alpinus,3383323919,1929,7,27,1929-07-27T00:00,208,46.246667,8.028333,1995,NA,NA,NA,6,0.195,3.335,1.4300000000000002,0.365,1.6761135,0.1841075,0.7346665,0.2653335
Aster alpinus,3383327576,1879,6,20,1879-06-20T00:00,171,46.232222,7.3575,511,NA,NA,NA,5,1,5.09,2.11,0.8,1.035144,0.485785,0.924701,0.075299
Aster alpinus,3383327603,1946,7,20,1946-07-20T00:00,201,46.101111,7.985,2200,NA,NA,NA,2,2.28,7.18,2.9699999999999998,1.22,2.424986,0.5282245,0.9179170000000001,0.082083
Aster alpinus,3383327781,1978,7,11,1978-07-11T00:00,192,46.186388,8.091667,1174,NA,NA,NA,9,0.48,5.65,2.51,0.43,0.808858,0.189565,0.819191,0.180809
Aster alpinus,3383327809,1905,10,NA,1905-10,130,46.294722,7.536111,548,NA,NA,NA,2,1.4549999999999998,10.1,4.140000000000001,0.775,1.031436,0.1707105,0.606386,0.393614
Aster alpinus,3383328397,1904,5,NA,1904-05,95,46.214722,7.399167,966,NA,NA,NA,5,0.82,6.41,2.47,0.52,0.707386,0.293658,0.86015,0.13985
Aster alpinus,3383328482,1952,6,15,1952-06-15T00:00,167,46.012222,7.766944,2103,NA,NA,2120 m,2,0.6799999999999999,6.71,1.5999999999999999,0.8,1.615541,0.23243250000000001,0.7652494999999999,0.2347505
Aster alpinus,3383328691,1904,7,NA,1904-07,97,45.993611,7.753889,2547,NA,NA,NA,5,1.09,9,3.6,0.43,0.68319,0.168647,0.813834,0.186166
Aster alpinus,3383329509,1875,6,NA,1875-06,NA,46.255556,7.420556,513,NA,NA,NA,6,0.38,4.445,1.665,0.475,0.7212935,0.240919,0.7333320000000001,0.266668
Aster alpinus,3383329624,1913,8,NA,1913-08,NA,46.671666,8.44,2353,NA,NA,NA,2,0.485,4.445,1.795,0.47,0.6508674999999999,0.3070505,0.889105,0.110895
Aster alpinus,3383329642,1909,7,24,1909-07-24T00:00,205,46.335555,7.285,2198,NA,NA,2200 m,6,0.7949999999999999,4.975,1.9749999999999999,0.74,0.7514615,0.37370950000000003,0.8956945000000001,0.1043055
Aster alpinus,3383331559,1885,7,31,1885-07-31T00:00,212,46.571944,8.413333,2429,NA,NA,NA,3,0.34,3.49,1.54,0.4,0.410714,0.302026,0.865282,0.134718
Aster alpinus,3383331579,1946,7,3,1946-07-03T00:00,184,46.089444,7.401389,1838,NA,NA,1840 m,4,0.245,4.13,1.73,0.38,1.8043535,0.213194,0.6261915,0.3738085
Aster alpinus,3383331597,1905,7,28,1905-07-28T00:00,209,46.121111,7.196944,2105,NA,NA,2000 - 2476 m,6,0.9099999999999999,5.04,2.16,0.75,0.6130450000000001,0.4358915,0.9478065,0.052193500000000004
Aster alpinus,3383333366,1910,8,3,1910-08-03T00:00,215,46.195556,8.141111,841,NA,NA,NA,3,0.5,4.32,1.87,0.46,0.60251,0.312052,0.899884,0.100116
Aster alpinus,3383333444,1904,5,NA,1904-05,95,46.214722,7.399167,966,NA,NA,NA,6,2.185,10.215,4.07,0.94,1.2076255,0.243529,0.846437,0.153563
Aster alpinus,3383333670,1911,8,8,1911-08-08T00:00,220,46.128056,7.521389,2601,NA,NA,2600 m,4,0.37,4.57,2.0300000000000002,0.375,0.5860865,0.2428015,0.83238,0.16762
Aster alpinus,3383333749,2012,7,3,2012-07-03T00:00,185,46.022777,7.47,2266,NA,NA,2170 - 2400 m,8,0.7150000000000001,5.98,2.59,0.515,0.560013,0.2404775,0.8117265,0.18827349999999998
Aster alpinus,3383334460,1846,NA,NA,1846,NA,46.132096,7.482634,1792,NA,63335,NA,5,0.24,3.82,1.48,0.41,1.143791,0.263484,0.628106,0.371894
Aster alpinus,3383334465,1901,6,NA,1901-06,6,46.214722,7.399167,966,NA,NA,NA,1,0.68,6.22,2.65,0.47,1.935135,0.221952,0.690335,0.309665
Aster alpinus,3383334474,1875,6,NA,1875-06,NA,46.324444,7.6275,839,NA,NA,NA,2,0.405,4.135,1.7999999999999998,0.46499999999999997,0.3415515,0.2978315,0.9040875,0.0959125
Aster alpinus,3383334809,2014,7,22,2014-07-22T00:00,203,46.026111,7.475278,2176,NA,NA,2200 m,2,0.39,4.140000000000001,1.8,0.37,0.7375915,0.233157,0.7581775,0.2418225
Aster alpinus,3383334816,1913,7,10,1913-07-10T00:00,191,46.111388,6.950833,1907,NA,NA,1900 m,9,0.52,5.67,2.49,0.48,0.939655,0.20934,0.798262,0.201738
Aster alpinus,3383334827,1906,7,26,1906-07-26T00:00,207,46.170278,7.096389,2057,NA,NA,1850 - 2500 m,5,0.47,4.43,1.94,0.41,0.631068,0.425423,0.958599,0.041401
Aster alpinus,3383334893,1898,7,22,1898-07-22T00:00,203,46.370277,8.188333,1716,NA,NA,1600 - 1800 m,5,0.24,4.07,1.69,0.36,0.670886,0.184115,0.689667,0.310333
Aster alpinus,3383335384,1875,6,15,1875-06-15T00:00,166,46.214722,7.399167,966,NA,NA,NA,2,0.385,4.205,1.84,0.385,0.3093755,0.2857,0.8349945000000001,0.1650055
Aster alpinus,3383335434,1911,6,17,1911-06-17T00:00,168,46.262384,7.959852,1880,NA,3221,NA,2,0.79,6.62,2.435,0.55,1.154345,0.226866,0.7894725,0.21052749999999998
Aster alpinus,3383335439,1911,8,7,1911-08-07T00:00,219,46.013888,7.799722,2550,NA,NA,NA,3,0.16,3.66,1.03,0.32,0.73913,0.182797,0.750838,0.249162
Aster alpinus,3383335677,1913,7,NA,1913-07,NA,46.068652,7.960453,1915,NA,NA,NA,2,0.3,3.2649999999999997,1.3900000000000001,0.385,1.640625,0.375428,0.8827925,0.11720749999999999
Aster alpinus,3383335741,1889,8,12,1889-08-12T00:00,224,46.331111,7.4825,2191,NA,NA,NA,1,0.46,4.45,1.85,0.54,0.498542,0.288832,0.844234,0.155766
Aster alpinus,3383335850,1897,6,7,1897-06-07T00:00,158,46.219166,7.403333,853,NA,NA,850 m,1,0.53,3.91,1.58,0.6,0.392727,0.434398,0.877588,0.12241200000000001
Aster alpinus,3383336593,1909,8,6,1909-08-06T00:00,218,46.324722,7.310317,2404,NA,NA,2400 m,1,0.39,3.76,1.57,0.36,0.719807,0.349725,0.915811,0.084189
Aster alpinus,3383336607,1920,8,NA,1920-08,NA,46.365556,8.185278,1458,NA,NA,NA,1,1.92,7.92,3.22,1,1.340694,0.385371,0.925558,0.074442
Aster alpinus,3383336814,1905,8,7,1905-08-07T00:00,219,46.3575,6.821389,2165,NA,NA,2178 m,4,0.245,4.065,1.77,0.43,0.361422,0.1741685,0.7507295,0.2492705
Aster alpinus,3383337364,1934,6,24,1934-06-24T00:00,175,46.573611,8.413056,2516,NA,NA,NA,2,0.915,6.445,2.5149999999999997,0.495,2.2508115,0.2255575,0.7973809999999999,0.202619
Aster alpinus,3383337774,1979,6,4,1979-06-04T00:00,155,46.295833,7.8678,652,NA,NA,NA,9,0.36,3.3,1.38,0.43,1.783784,0.329426,0.915047,0.084953
Aster alpinus,3383337787,1897,6,NA,1897-06,NA,46.221389,7.395,817,NA,NA,800 - 900 m,2,1.23,7.6850000000000005,3.355,0.595,0.436127,0.259262,0.8980085,0.10199150000000001
Aster alpinus,3383337807,1907,7,5,1907-07-05T00:00,186,46.019167,7.745833,1624,NA,NA,NA,5,0.35,4.32,1.81,0.47,0.965157,0.21001,0.791103,0.208897
Aster alpinus,3383337899,1919,8,18,1919-08-18T00:00,230,45.927777,7.250556,2272,NA,NA,2200 - 2300 m,2,0.33999999999999997,4.8100000000000005,2.055,0.39,5.484737,0.17511749999999998,0.607551,0.392449
Aster alpinus,3383337991,1979,6,4,1979-06-04T00:00,155,46.295833,7.867778,652,NA,NA,NA,2,0.35000000000000003,4.745,2.115,0.35,0.1919875,0.175309,0.7385045,0.2614955
Aster alpinus,3710331932,1937,7,20,1937-07-20,201,55.017772,60.158445,NA,NA,NA,NA,8,2.17,8.555,3.615,0.93,1.7340710000000001,0.2902245,0.8707845000000001,0.12921549999999998
Aster alpinus,3710331938,1972,7,9,1972-07-09,191,55.06482,60.164437,NA,NA,NA,NA,12,0.255,4.455,1.895,0.33,0.402262,0.1743845,0.7854775,0.2145225
Aster alpinus,3710332003,1990,6,7,1990-06-07,158,54.181473,59.657866,NA,NA,NA,NA,9,0.51,5,2.12,0.41,0.627049,0.261164,0.812996,0.187004
Aster alpinus,3798044480,1992,7,24,1992-07-24,206,39.84,-105.65,3500,NA,NA,11484ft.,3,1.14,7.42,3.4,0.66,2.642857,0.333576,0.937182,0.062818
Aster alpinus,3809394303,1951,7,25,1951-07-25T00:00,206,46.535886,8.772583,2500,NA,NA,2500m,1,1.24,7.11,2.73,0.69,0.78209,0.308795,0.792412,0.207588
Aster alpinus,3809395305,1963,9,13,1963-09-13T00:00,256,46.950278,9.838333,2292,NA,NA,2295 m,5,2.61,9.72,3.97,1.08,0.685315,0.305677,0.887534,0.112466
Aster alpinus,3809396303,1887,8,8,1887-08-08T00:00,220,46.57897,8.79698,1840,NA,NA,1840m,12,0.985,6.93,3.01,0.69,0.6389715,0.26671900000000004,0.8023275000000001,0.1976725
Aster alpinus,3820247720,2020,5,18,2020-05-18,139,49.2113,86.846,NA,NA,500,NA,1,0.26,3.22,1.4,0.3,3.45098,0.317724,0.907155,0.092845
Aster alpinus,3892752269,2013,7,22,2013-07-22,203,39.49327,-106.260281,NA,NA,2000,2874,3,1.37,9.49,4.36,0.83,0.309524,0.282669,0.897104,0.102896
Aster alpinus,4066739389,2022,6,9,2022-06-09,160,51.25732,82.77859,450,NA,500,NA,1,0.06,2.07,0.92,0.17,0.420601,0.175325,0.727565,0.272435
Aster alpinus,4095523381,2014,7,27,2014-07-27,208,57.364611,-123.859444,1818,NA,NA,1818 m,4,0.29000000000000004,3.23,1.3900000000000001,0.42,0.6127214999999999,0.3582765,0.8877415,0.11225850000000001
Aster alpinus,4402493556,2014,8,11,2014-08-11,223,56.4653,-88.1376,NA,NA,NA,NA,9,1.13,7.67,3.47,0.8,0.620795,0.212862,0.716972,0.283028
Aster alpinus,4517086301,1985,7,28,1985-07-28T00:00,209,46.647586,9.510684,2100,NA,NA,2100m,9,0.85,8.28,3.29,0.65,0.485866,0.169664,0.725087,0.274913
Aster alpinus,4533906999,1913,8,23,1913-08-23,235,46.541111,11.644891,NA,NA,2000,NA,12,0.71,5.029999999999999,2.185,0.535,1.5283305,0.3084285,0.870591,0.129409
Aster alpinus,4912074512,1974,7,15,1974-07-15,196,65.4,-126.93333,716,NA,NA,2350 ft.,3,0.22,3.62,1.68,0.41,1.13615,0.342783,0.902808,0.097192
Aster alpinus,4912081693,1970,7,22,1970-07-22,203,68.4,-138.33333,610,NA,NA,2000 ft.,4,0.21000000000000002,4.3,1.395,0.27,0.600095,0.1214475,0.636415,0.363585
Aster alpinus,4920293704,2015,7,26,2015-07-26,207,42.180258,23.332746,2250,50,200,NA,8,0.775,5.630000000000001,2.455,0.5549999999999999,0.32028599999999996,0.3168485,0.8993205,0.1006795
Aster alpinus,4926610570,1948,7,22,1948-07-22,204,48.230288,24.230375,NA,NA,2000,NA,9,1.99,6.56,2.56,0.93,0.517241,0.559365,0.954317,0.045683
Aster alpinus,4926611370,1978,7,30,1978-07-30,211,48.230288,24.230375,NA,NA,2000,NA,7,0.43,4.95,2.21,0.51,0.766187,0.306857,0.83306500000000006,0.166935
Aster alpinus,4926612203,1982,8,2,1982-08-02,214,48.227529,24.228925,1790,0,2000,NA,2,0.5700000000000001,4.12,1.7000000000000002,0.5,0.5002445,0.41055549999999996,0.925602,0.074398
Aster alpinus,4926614567,1961,7,26,1961-07-26,207,47.963235,24.473154,NA,NA,2000,NA,8,1.615,8.1,3.38,1.0699999999999998,1.340485,0.34960250000000004,0.8538705,0.1461295
Aster alpinus,4926614617,1975,7,1,1975-07-01,182,48.144797,24.524085,NA,NA,2000,NA,6,1.48,7.255,2.945,0.81,1.0556405,0.345143,0.895062,0.104938
Aster alpinus,4929839398,1935,8,2,1935-08-02,214,57.752826,-124.336925,NA,NA,6348,NA,3,0.8,6.85,2.92,0.56,1.297352,0.303329,0.886581,0.113419
Aster alpinus,4929871705,1932,7,20,1932-07-20,202,57.05,-122.866667,1219,NA,3657,4000',1,0.42,6.11,2.72,0.4,0.397287,0.140422,0.852231,0.147769
Aster alpinus,4986831619,1985,7,21,1985-07-21,202,50.07,86.32,1130,NA,500,NA,5,2.42,7.73,3.12,1.03,0.752778,0.48584,0.963902,0.036098
Aster alpinus,5070694557,1967,7,9,1967-07-09,190,61.05,-138.366667,792,NA,NA,2600 ft,4,0.7050000000000001,5.355,2.38,0.5549999999999999,2.5757085,0.2689025,0.8154645,0.18453550000000002
Aster alpinus,5142033316,1841,7,NA,1841-07,NA,46.885606,9.474621,2172,NA,4247,NA,7,0.63,5.14,2.25,0.43,0.737778,0.259369,0.837539,0.162461
Aster alpinus,5223685312,1910,7,17,1910-07-17T00:00,198,46.859176,9.570336,1600,NA,3037,1600m,9,0.7,4.56,1.77,0.56,0.987342,0.349772,0.912843,0.087157
Aster alpinus,5890502551,1903,7,17,1903-07-17T00:00,198,46.79916,9.608316,1891,NA,4197,NA,7,0.68,5.81,2.5,0.64,0.860465,0.313514,0.863689,0.136311
Aster alpinus,5890502587,1909,7,NA,1909-07,250,46.628404,9.747577,1373,NA,NA,NA,3,0.22,2.77,1.08,0.45,0.644068,0.366065,0.867629,0.132371
Aster alpinus,5890502852,1883,8,NA,1883-08,NA,46.473341,9.513087,1984,NA,NA,1950m,12,0.685,6.98,3.145,0.475,0.6896249999999999,0.188058,0.8063415,0.1936585
Aster alpinus,5890503052,1920,6,10,1920-06-10T00:00,162,46.804046,9.616663,1660,NA,1100,1660m,4,0.305,3.94,1.6600000000000001,0.35,0.688492,0.286425,0.7920185,0.20798149999999999
Aster alpinus,5890503762,1903,7,13,1903-07-13T00:00,194,46.727235,9.557164,1475,NA,717,NA,2,0.35,3.255,1.3599999999999999,0.385,0.568121,0.28388650000000004,0.7854065,0.2145935
Aster alpinus,5890504826,1904,8,8,1904-08-08T00:00,221,46.862516,9.289703,2269,NA,2562,NA,4,0.675,5.26,2.325,0.515,0.5075275,0.3082355,0.8710185,0.1289815
Aster alpinus,5890504855,1924,8,NA,1924-08,NA,46.750518,9.94709,2386,NA,NA,NA,1,0.12,2.45,0.74,0.34,0.447368,0.256973,0.81393,0.18607
Aster alpinus,5890505033,1861,7,27,1861-07-27T00:00,208,46.584415,9.804139,2191,NA,NA,NA,1,0.11,1.78,0.74,0.3,1.373626,0.416616,0.903025,0.096975
Aster alpinus,5890505306,1883,8,14,1883-08-14T00:00,226,46.473341,9.513087,1950,NA,NA,1950m,1,1.05,7.15,3.11,0.81,2.174359,0.258931,0.711562,0.28843800000000003
Aster alpinus,5890505691,1907,7,25,1907-07-25T00:00,206,46.694982,9.839609,2250,NA,2121,NA,2,0.39,4.9350000000000005,2.135,0.455,0.575105,0.200025,0.581877,0.418123
Aster alpinus,5890506370,1892,6,10,1892-06-10T00:00,162,46.956566,9.848149,2000,NA,2353,2000m,2,0.595,5.77,2.505,0.495,0.656093,0.227763,0.740618,0.259382
Aster alpinus,5890506396,1881,8,4,1881-08-04T00:00,216,46.583999,8.782411,2100,NA,NA,2100,3,0.14,2.36,0.94,0.33,0.787402,0.316114,0.883209,0.116791
Aster alpinus,5890506499,1917,8,14,1917-08-14T00:00,226,46.772587,9.622822,2500,NA,NA,2500m,2,0.41500000000000004,4.5600000000000005,1.6949999999999998,0.44,0.9805984999999999,0.2570835,0.8178110000000001,0.182189
Aster alpinus,5890506500,1915,7,NA,1915-07,NA,46.778645,9.675264,1819,NA,NA,NA,1,0.04,1.16,0.47,0.18,1.777778,0.348169,0.87178,0.12822
Aster alpinus,5890507307,1918,7,21,1918-07-21T00:00,202,46.487567,9.479163,1684,NA,NA,NA,3,0.24,2.98,1.21,0.38,0.703125,0.318138,0.902813,0.097187
Aster alpinus,5890507486,1897,8,NA,1897-08,NA,46.58389,9.838943,2318,NA,NA,NA,2,0.535,4.955,1.88,0.52,1.129645,0.24808400000000003,0.807336,0.192664
Aster alpinus,5890507684,1888,7,18,1888-07-18T00:00,200,46.818247,9.828172,2086,NA,NA,NA,2,0.175,2.315,0.955,0.32,1.621377,0.4061905,0.9098025,0.0901975
Aster alpinus,5890507820,1906,8,NA,1906-08,159,46.628952,9.146891,2664,NA,10382,NA,4,1.085,8.99,3.6550000000000002,0.8600000000000001,1.541117,0.171107,0.562638,0.43736200000000003
Aster alpinus,5890507927,1904,7,14,1904-07-14T00:00,196,46.727648,9.55538,1474,NA,NA,NA,2,0.34,3.27,1.185,0.52,0.7886525,0.41503900000000005,0.882705,0.11729500000000001
Aster alpinus,5890507928,1883,8,14,1883-08-14T00:00,226,46.473341,9.513087,1950,NA,NA,1950m,6,0.49,4.37,1.945,0.5,1.3652685,0.3013035,0.828139,0.17186099999999999
Aster alpinus,5890507962,1898,7,NA,1898-07,NA,46.477685,9.483347,1719,NA,NA,NA,3,0.39,5.45,2.12,0.59,0.795367,0.236309,0.841662,0.158338
Aster alpinus,5890508208,1873,7,22,1873-07-22T00:00,203,46.473338,9.513216,1984,NA,NA,NA,1,0.25,4,1.53,0.37,0.58216,0.193459,0.723287,0.276713
Aster alpinus,5890508285,1941,NA,NA,1941,NA,46.801678,9.813259,1900,NA,NA,1900m,1,0.08,1.77,0.73,0.25,0.952381,0.30294,0.830672,0.169328
Aster alpinus,5890508399,1896,8,18,1896-08-18T00:00,231,46.888108,9.403567,2000,NA,NA,2000,11,1.19,7.33,3.07,0.73,0.801706,0.286303,0.871013,0.128987
Aster alpinus,5890508400,1903,8,6,1903-08-06T00:00,218,46.96863,9.864006,2100,NA,NA,2100 m,4,1.6800000000000002,8.305,3.475,0.92,1.0378474999999998,0.338231,0.87452,0.12547999999999998
Aster alpinus,5890508481,1916,8,9,1916-08-09T00:00,222,46.558223,9.234266,2300,NA,2171,2300m,5,0.43,4.87,1.73,0.57,0.52193,0.228347,0.837487,0.162513
Aster alpinus,5890508517,1907,7,26,1907-07-26T00:00,207,46.702455,9.842677,2350,50,NA,2300-2400m,2,0.15000000000000002,2.79,0.99,0.27,0.8933279999999999,0.1715575,0.670664,0.329336
Aster alpinus,5890508628,1900,NA,NA,1900,NA,46.770488,9.060767,1279,NA,NA,NA,10,0.6799999999999999,4.71,1.9949999999999999,0.5800000000000001,1.227263,0.300532,0.909211,0.09078900000000001
Aster alpinus,5890508830,1902,7,17,1902-07-17T00:00,198,46.802715,9.572525,2100,NA,NA,2100m,5,0.39,6.05,2.78,0.47,1.048951,0.26038,0.851582,0.148418
Aster alpinus,5890509062,1907,7,27,1907-07-27T00:00,208,46.693687,9.840832,2400,NA,2006,2400m,1,0.3,3.5,1.51,0.4,1.137143,0.309625,0.89359,0.10641
Aster alpinus,5890509063,1913,8,23,1913-08-23T00:00,235,46.764399,9.679218,2080,NA,170,2080,1,2.36,9.34,3.6,0.96,2.948276,0.340791,0.904259,0.095741
Aster alpinus,5890509087,1907,7,26,1907-07-26T00:00,207,46.694982,9.839609,2250,NA,2121,NA,1,0.66,4.01,1.68,0.67,2.117647,0.518032,0.946887,0.053113
Aster alpinus,5890509119,1918,7,24,1918-07-24T00:00,205,46.475525,9.528151,2351,NA,NA,2400m,1,0.29,3.04,1.27,0.4,3.5,0.394093,0.864034,0.135966
Aster alpinus,5890509248,1915,8,10,1915-08-10T00:00,222,46.762875,9.673548,2156,NA,725,NA,3,0.2,2.8,1.2,0.35,0.448454,0.199313,0.701344,0.298656
Aster alpinus,5890509320,1913,8,23,1913-08-23T00:00,235,46.762938,9.675007,2100,NA,637,2100,1,0.23,3.52,1.18,0.42,0.627329,0.231526,0.835699,0.164301
Aster alpinus,5890509476,1918,7,16,1918-07-16T00:00,197,46.470515,9.51592,1930,NA,NA,1900 m,4,0.195,3.06,1.2650000000000001,0.33499999999999996,0.8396005,0.2688365,0.7597315,0.2402685
Aster alpinus,5890596301,1936,7,19,1936-07-19T00:00,201,46.943583,10.361906,NA,NA,NA,NA,1,0.83,8.07,2.9,0.96,1.002959,0.160714,0.544043,0.455957
Aster alpinus,5890596306,1898,8,NA,1898-08,NA,46.394171,9.776186,2038,NA,3504,NA,3,0.66,4.4,1.69,0.68,1.183784,0.264116,0.863421,0.136579
Aster alpinus,5890596309,1915,8,3,1915-08-03T00:00,215,46.449719,9.599692,NA,NA,583,NA,1,0.11,2.49,1.01,0.28,1.243243,0.218621,0.774281,0.225719
Aster alpinus,5890596311,1896,8,NA,1896-08,NA,46.582776,9.845175,NA,NA,4530,NA,9,0.3,4.02,1.76,0.42,0.852941,0.220264,0.62433399999999994,0.375666
Aster alpinus,5890596312,1902,7,22,1902-07-22T00:00,203,46.675683,10.050876,1760,NA,235,1760m,2,1.48,7.015000000000001,2.9349999999999996,0.745,1.305957,0.3325405,0.9163415,0.0836585
Aster alpinus,5890596319,1903,7,15,1903-07-15T00:00,196,46.582777,9.845175,NA,NA,4530,NA,6,0.6599999999999999,6.885,2.7649999999999997,0.5549999999999999,0.9326860000000001,0.1912795,0.660361,0.339639
Aster alpinus,5890596321,1959,7,7,1959-07-07T00:00,188,46.852488,9.213315,2000,NA,317,2000m,4,0.61,3.85,1.54,0.635,1.390762,0.432636,0.923033,0.076967
Aster alpinus,5890596324,1848,7,4,1848-07-04T00:00,186,46.549874,9.875314,NA,NA,560,NA,4,0.985,5.895,2.4699999999999998,0.6499999999999999,0.5324225,0.3252425,0.917432,0.082568
Aster alpinus,5890596328,1886,NA,NA,1886,NA,46.668867,10.072696,NA,NA,44218,NA,5,0.3,4.11,1.49,0.42,0.99061,0.342164,0.844117,0.155883
Aster alpinus,5890596336,1935,7,19,1935-07-19T00:00,200,46.442646,9.979071,2070,NA,809,2070m,1,0.23,2.86,1.17,0.4,1.519608,0.346977,0.85089,0.14911
Aster alpinus,5890596340,1980,7,NA,1980-07,NA,46.856518,9.844995,2300,NA,755,2300m,3,0.45,4,1.67,0.52,0.671362,0.424737,0.913057,0.086943
Aster alpinus,5890596343,1995,6,24,1995-06-24T00:00,175,46.733437,10.098867,NA,NA,3353,NA,1,0.24,3.19,1.39,0.39,0.572973,0.29054,0.812961,0.187039
Aster alpinus,5890596347,1908,7,30,1908-07-30T00:00,212,46.4595,10.012954,NA,NA,3178,NA,2,0.155,3.1050000000000004,1.29,0.305,0.527749,0.1699025,0.6350750000000001,0.36492500000000005
Aster alpinus,5890596350,1905,8,11,1905-08-11T00:00,223,46.426786,9.990971,2180,NA,1216,2180m,10,0.395,4.54,2.02,0.45,1.209598,0.25975400000000004,0.7867275,0.2132725
Aster alpinus,5890596356,1909,7,23,1909-07-23T00:00,204,46.535615,9.869636,1800,NA,1622,1800m,5,0.17,3.01,1.19,0.3,0.536082,0.249264,0.854157,0.145843
Aster alpinus,5890596372,1902,7,25,1902-07-25T00:00,206,46.722854,10.331461,1890,NA,1450,1890m,4,0.38,5,2.145,0.44,1.8969429999999998,0.2115055,0.6232095,0.37679050000000003
Aster alpinus,5890596373,1892,7,7,1892-07-07T00:00,189,46.97042,9.821455,1900,NA,3839,1900m,3,0.67,5.36,2.02,0.62,0.995781,0.255679,0.731358,0.268642
Aster alpinus,5890596375,1997,7,30,1997-07-30T00:00,211,46.716904,10.161602,2575,75,708,2500-2650m,3,1.01,6.49,2.8,0.59,0.848073,0.302122,0.870243,0.129757
Aster alpinus,5890596377,1903,7,29,1903-07-29T00:00,210,46.6609,10.146087,NA,NA,641,NA,2,0.755,6.609999999999999,2.925,0.605,1.8320755,0.2177705,0.759747,0.240253
Aster alpinus,5890596384,1903,7,28,1903-07-28T00:00,209,46.598495,9.67041,NA,NA,NA,NA,6,1.365,7.0600000000000005,2.6799999999999997,0.94,0.6949505,0.27596149999999997,0.801042,0.19895800000000002
Aster alpinus,5890596386,1910,6,14,1910-06-14T00:00,165,46.534022,9.870214,NA,NA,NA,NA,3,0.37,4.23,1.87,0.42,1.092784,0.247549,0.806582,0.193418
Aster alpinus,5890596389,1917,7,18,1917-07-18T00:00,199,46.489675,9.85185,1818,NA,534,NA,4,0.815,5.345,2.215,0.69,1.585367,0.279404,0.741429,0.258571
Aster alpinus,5890596395,1898,7,NA,1898-07,NA,46.581747,8.830688,3000,NA,318,3000m,1,0.34,5.4,1.99,0.5,3.692308,0.146185,0.48286,0.51714
Aster alpinus,5890596397,1945,7,29,1945-07-29T00:00,210,46.755903000000004,9.512656,2398,NA,NA,NA,9,0.14,2.4,1,0.28,0.620915,0.300631,0.841891,0.158109
Aster alpinus,5890596400,1980,7,4,1980-07-04T00:00,186,46.93751,10.481143,NA,NA,324,NA,8,1.24,8.365,3.1500000000000004,0.6699999999999999,1.129797,0.2399235,0.7660245,0.2339755
Aster alpinus,5890596406,1906,8,1,1906-08-01T00:00,213,46.391922,10.036217,2188,NA,6069,NA,1,0.28,4.22,1.65,0.42,0.583333,0.196145,0.815335,0.184665
Aster alpinus,5890596407,1903,7,26,1903-07-26T00:00,207,46.665927,10.212257,1793,NA,497,NA,3,0.38,5.05,2.11,0.45,1.409091,0.185576,0.657375,0.342625
Aster alpinus,5890596409,1917,7,21,1917-07-21T00:00,202,46.32757,9.1669060000000009,2000,NA,464,2000m,1,0.65,6.59,2.92,0.42,0.669399,0.187118,0.788605,0.211395
Aster alpinus,5890596410,1947,6,24,1947-06-24T00:00,175,46.445313,9.969961,NA,NA,NA,NA,7,0.98,6.12,2.61,0.65,0.91635,0.293296,0.876418,0.123582
Aster alpinus,5890596411,1913,8,23,1913-08-23T00:00,235,46.763853,9.675465,2100,NA,363,2100m,3,0.26,3.82,1.71,0.28,0.549153,0.208978,0.81213900000000006,0.187861
Aster alpinus,5890596417,1908,6,30,1908-06-30T00:00,182,46.533955,9.870207,NA,NA,NA,NA,2,0.14,2.465,1.03,0.24,0.725905,0.27249,0.850204,0.14979599999999998
Aster alpinus,5890596420,1866,7,22,1866-07-22T00:00,203,46.655363,10.031526,1671,NA,607,NA,17,0.19,4.19,1.68,0.39,1.573171,0.217602,0.750375,0.249625
Aster alpinus,5890596423,1901,7,5,1901-07-05T00:00,186,46.665927,10.212257,1793,NA,497,NA,5,0.21,3.78,1.52,0.31,1.122642,0.217595,0.80526,0.19474
Aster alpinus,5890596425,1908,7,5,1908-07-05T00:00,187,46.459498,10.012954,2498,NA,3178,NA,6,0.185,3.26,1.205,0.29500000000000004,0.7256199999999999,0.1902365,0.7243930000000001,0.275607
Aster alpinus,5890596427,1910,6,14,1910-06-14T00:00,165,46.534091,9.869982,NA,NA,NA,NA,2,0.725,5.4,2.34,0.54,0.5918755,0.2673775,0.830323,0.16967700000000002
Aster alpinus,5890596431,1905,8,8,1905-08-08T00:00,220,46.457423,10.000155,2300,NA,1999,2300m,11,0.44,3.94,1.6,0.4,0.634783,0.324524,0.870445,0.129555
Aster alpinus,5890596433,1911,8,11,1911-08-11T00:00,223,46.941553999999996,10.340897,2100,NA,NA,2100m,3,0.59,5.95,2.59,0.45,0.452303,0.209041,0.905799,0.094201
Aster alpinus,5890596434,1952,7,20,1952-07-20T00:00,202,46.884198,9.475032,2200,NA,363,2200m,6,0.345,3.955,1.645,0.475,1.0171890000000001,0.3361995,0.9028855,0.09711449999999999
Aster alpinus,5890596444,1966,9,15,1966-09-15T00:00,258,46.602286,9.395564,1990,NA,905,1990m,4,0.875,6.27,2.565,0.56,1.5768955,0.21829149999999997,0.777848,0.22215200000000002
Aster alpinus,5890596445,1927,NA,NA,1927,NA,46.534075,9.869928,NA,NA,NA,NA,9,1.26,6.07,2.56,0.69,0.680982,0.354664,0.893753,0.106247
Aster alpinus,5890596449,1861,7,30,1861-07-30T00:00,211,46.4731,9.512323,NA,NA,NA,NA,1,0.34,3.12,1.34,0.44,2.691489,0.442215,0.922547,0.077453
Aster alpinus,5890596450,1909,7,NA,1909-07,250,46.53392,9.870136,NA,NA,NA,NA,5,0.05,1.53,0.6,0.29,0.839416,0.27849,0.708171,0.291829
Aster alpinus,5890596454,1980,7,4,1980-07-04T00:00,186,46.93751,10.481143,NA,NA,324,NA,9,1.82,10.5,4.11,0.86,1.284314,0.242104,0.837089,0.162911
Aster alpinus,5890596462,1861,7,27,1861-07-27T00:00,208,46.582776,9.845175,NA,NA,4530,NA,1,0.08,1.32,0.53,0.24,2.692308,0.579884,0.953924,0.046076
Aster alpinus,5890596464,1919,8,9,1919-08-09T00:00,221,46.813927,9.856335,1572,NA,507,1572m,2,2.085,8.03,3.455,1.0050000000000001,2.7887375,0.4044025,0.9203155000000001,0.07968449999999999
Aster alpinus,5890596474,1881,7,20,1881-07-20T00:00,201,46.518448,9.82564,2308,NA,2014,NA,1,0.26,3.7,1.62,0.38,1.87069,0.240392,0.882378,0.117622
Aster alpinus,5890596475,1899,8,12,1899-08-12T00:00,224,46.385909,9.749829,2011,NA,3131,NA,2,0.14500000000000002,2.58,0.9850000000000001,0.32999999999999996,1.6780635000000002,0.266011,0.665061,0.334939
Aster alpinus,5890596476,1916,8,6,1916-08-06T00:00,219,46.431098,9.758121,NA,NA,NA,NA,9,0.16,3.29,1.39,0.38,0.779006,0.188843,0.752334,0.247666
Aster alpinus,5890596478,1909,7,29,1909-07-29T00:00,210,46.561962,9.602501,1982,NA,NA,NA,1,0.33,5.25,1.83,0.47,3.539474,0.149489,0.501512,0.498488
Aster alpinus,5890596479,1902,7,15,1902-07-15T00:00,196,46.636827,10.182995,NA,NA,NA,NA,6,0.225,3.165,1.34,0.33499999999999996,0.6293230000000001,0.267853,0.840695,0.159305
Aster alpinus,5890596480,1920,8,23,1920-08-23T00:00,236,47.050924,9.635817,2400,NA,231,2400m,8,0.52,6.045,2.54,0.46499999999999997,0.28826050000000003,0.1763425,0.7938935,0.20610649999999997
Aster alpinus,5890596482,1902,7,15,1902-07-15T00:00,196,46.723354,10.333039,1890,NA,1462,1890m,3,0.08,1.92,0.83,0.21,0.843478,0.29717,0.86007,0.13993
Aster alpinus,5890596485,1916,7,13,1916-07-13T00:00,195,46.850842,10.336281,NA,NA,198,NA,1,0.07,2.07,0.49,0.4,0.801887,0.203658,0.546081,0.453919
Aster alpinus,5890596489,1861,7,NA,1861-07,NA,46.497233,9.83915,1825,NA,1887,NA,12,0.41500000000000004,5.785,2.585,0.41000000000000003,0.742074,0.1956345,0.7601519999999999,0.239848
Aster alpinus,5890596490,1973,7,17,1973-07-17T00:00,198,46.640625,10.329969,NA,NA,480,NA,1,0.01,0.93,0.37,0.16,1.180328,0.153519,0.602878,0.397122
Aster alpinus,5890596493,1952,7,17,1952-07-17T00:00,199,46.427178,10.043505,2370,NA,290,2370m,3,0.11,2.02,0.86,0.23,1.1,0.206864,0.687374,0.312626
Aster alpinus,5890596494,1917,7,29,1917-07-29T00:00,210,46.6132,9.982023,1692,NA,NA,NA,1,0.35,3.94,1.81,0.29,0.195402,0.282186,0.92559,0.07441
Aster alpinus,5890596495,1979,7,14,1979-07-14T00:00,195,46.77985,10.201289,1630,NA,640,1630m,7,0.73,5.73,2.28,0.66,1.154696,0.198875,0.733341,0.266659
Aster alpinus,5890596496,1915,7,20,1915-07-20T00:00,201,46.446025,9.57952,2140,NA,NA,NA,5,0.42,3.88,1.73,0.4,0.793478,0.256173,0.857395,0.142605
Aster alpinus,5890596500,1902,8,NA,1902-08,39,46.501305,9.848935,1837,NA,97,NA,2,0.645,3.7199999999999998,1.57,0.46,2.7805,0.3159955,0.810273,0.18972699999999998
Aster alpinus,5890596507,1900,7,25,1900-07-25T00:00,206,46.774145,9.596599,NA,NA,NA,NA,1,0.96,6.3,2.79,0.57,4.172727,0.303736,0.887244,0.112756
Aster alpinus,5890596508,1904,8,7,1904-08-07T00:00,220,46.410931,10.027825,2328,NA,NA,NA,1,0.19,3.42,1.26,0.5,0.535912,0.205734,0.532261,0.467739
Aster alpinus,5890596509,1916,6,28,1916-06-28T00:00,180,46.774966,10.201203,1461,NA,NA,NA,3,0.08,2.67,0.81,0.23,0.401639,0.215774,0.873929,0.126071
Aster alpinus,5890596511,1879,9,4,1879-09-04T00:00,247,46.582345,9.83774,NA,NA,NA,NA,2,0.14500000000000002,2.9299999999999997,1.26,0.25,0.310917,0.214395,0.7777925,0.2222075
Aster alpinus,5890596513,1951,8,19,1951-08-19T00:00,231,46.977598,10.372938,NA,NA,474,2300m,2,0.71,5.415,2.23,0.5249999999999999,0.531175,0.2102325,0.631398,0.368602
Aster alpinus,5890596520,1913,7,29,1913-07-29T00:00,210,46.845343,9.838192,2000,NA,NA,2000m,3,0.71,5,2.11,0.59,0.971751,0.427721,0.895869,0.104131
Aster alpinus,5890596521,1913,6,8,1913-06-08T00:00,159,46.602186,9.957733,1740,NA,NA,NA,7,0.72,4.29,1.91,0.59,0.61215,0.298318,0.918855,0.081145
Aster alpinus,5890596523,1887,8,11,1887-08-11T00:00,223,46.533916,9.870101,NA,NA,NA,NA,2,0.10999999999999999,2.01,0.835,0.245,0.6888495,0.303462,0.8319725,0.1680275
Aster alpinus,5890596524,1951,7,18,1951-07-18T00:00,199,46.395176,9.646611,1850,NA,364,1850m,14,0.37,4.46,1.9,0.4,0.7732924999999999,0.2248155,0.6893309999999999,0.310669
Aster alpinus,5890596528,1943,7,31,1943-07-31T00:00,212,46.341897,9.689577,2700,NA,822,2700m,5,1.23,5.75,2.11,0.79,1.463303,0.445568,0.925424,0.074576
Aster alpinus,5890596534,1894,NA,NA,1894,NA,46.473489,9.513388,1990,NA,NA,NA,4,0.16,2.8449999999999998,1.25,0.305,0.324156,0.2651385,0.8166515000000001,0.1833485
Aster alpinus,5890596535,1909,7,17,1909-07-17T00:00,198,46.496513,9.827142,2044,NA,3037,NA,8,0.49,6.065,2.69,0.51,0.624232,0.222787,0.7756045,0.2243955
Aster alpinus,5890596536,1863,8,9,1863-08-09T00:00,221,46.802606,9.567912,1970,NA,1041,NA,2,0.655,5.055,2.2350000000000003,0.5,0.797422,0.301622,0.8596105,0.1403895
Aster alpinus,5890596537,1905,7,10,1905-07-10T00:00,191,46.863715,9.590271,2260,NA,NA,2260m,4,0.39,4.235,1.815,0.405,1.691008,0.2653035,0.8482215,0.15177849999999998
Aster alpinus,5890596541,1884,8,NA,1884-08,NA,46.491195,9.824266,1979,NA,NA,NA,5,0.3,3.04,1.05,0.52,2.071429,0.386603,0.925124,0.074876
Aster alpinus,5890596542,1898,8,1,1898-08-01T00:00,213,46.793144,9.653399,2429,NA,NA,NA,1,0.7,4.12,1.76,0.6,0.922449,0.521046,0.971102,0.028898
Aster alpinus,5890596544,1885,7,14,1885-07-14T00:00,195,46.473243,9.513098,NA,NA,NA,NA,1,0.11,3.13,1.3,0.29,0.361386,0.147683,0.637854,0.362146
Aster alpinus,5890596545,1919,8,6,1919-08-06T00:00,218,46.449412,9.999704,NA,NA,NA,NA,2,0.09,1.65,0.605,0.24000000000000002,1.4849635,0.2762885,0.7198804999999999,0.28011949999999997
Aster alpinus,5890596548,1897,7,20,1897-07-20T00:00,201,46.753952,9.514847,2450,NA,NA,NA,2,1.555,6.805,2.625,1.01,0.8961885,0.42046249999999996,0.9008365,0.0991635
Aster alpinus,5890596551,1917,7,21,1917-07-21T00:00,202,46.32757,9.1669060000000009,2000,NA,464,2000m,1,1.4,7.14,2.94,0.99,2.325581,0.344613,0.819286,0.180714
Aster alpinus,5890596557,1967,8,9,1967-08-09T00:00,221,46.598376,9.382839,2300,NA,504,2300m,8,0.57,5.795,2.41,0.475,0.7921615,0.20739849999999999,0.82849,0.17151
Aster alpinus,5890596558,1916,8,10,1916-08-10T00:00,223,46.774365,10.204746,1525,NA,NA,1525m,5,0.29,3.13,1.22,0.39,1.304,0.293921,0.778259,0.221741
Aster alpinus,5890596560,1868,6,29,1868-06-29T00:00,181,46.698034,9.439588,671,NA,1151,2200',6,1.455,7.08,2.99,0.74,0.969665,0.337062,0.9200185000000001,0.07998150000000001
Aster alpinus,5890596561,1921,6,29,1921-06-29T00:00,180,46.524686,9.860298,NA,NA,313,NA,1,1.86,7.81,3.08,1.13,2.982857,0.383529,0.841773,0.158227
Aster alpinus,5890596562,1897,8,4,1897-08-04T00:00,216,46.32868,9.565229,1156,NA,629,NA,8,0.575,5.72,2.4299999999999997,0.575,0.7341595000000001,0.206997,0.6080355,0.3919645
Aster alpinus,5890596565,1910,7,14,1910-07-14T00:00,195,46.542379,9.876295,1800,NA,1016,1800m,8,0.685,5.98,2.42,0.665,0.524868,0.267482,0.7494215,0.25057850000000004
Aster alpinus,5890596566,1949,7,15,1949-07-15T00:00,196,46.813667,10.243315,2400,NA,382,2400m,4,0.515,4.220000000000001,1.7650000000000001,0.515,1.0093785,0.236116,0.8470795,0.15292050000000001
Aster alpinus,5890596567,1912,6,NA,1912-06,340,46.808534,10.318641,NA,NA,1425,NA,8,0.18,2.96,1.175,0.375,1.030697,0.275937,0.8197745000000001,0.18022549999999998
Aster alpinus,5890596568,1908,6,17,1908-06-17T00:00,169,46.518647,9.849114,1918,NA,NA,1918m,1,0.25,3.32,1.43,0.33,0.717514,0.279113,0.854561,0.145439
Aster alpinus,5890596573,1888,8,14,1888-08-14T00:00,227,46.458404,10.01427,2500,NA,3048,2500m,12,0.33,3.9400000000000004,1.67,0.5,0.9375305,0.236296,0.698345,0.301655
Aster alpinus,5890596574,1980,7,4,1980-07-04T00:00,186,46.93751,10.481143,NA,NA,324,NA,13,0.92,7.69,3.07,0.68,0.883562,0.190217,0.752424,0.247576
Aster alpinus,5890596575,1911,8,7,1911-08-07T00:00,219,46.971798,10.392926,2003,NA,516,NA,10,0.25,4.225,1.8050000000000002,0.375,0.8677865,0.22074749999999999,0.799041,0.200959
Aster alpinus,5890596579,1945,7,18,1945-07-18T00:00,199,46.509068,9.822764,2430,NA,3434,NA,10,0.56,5.404999999999999,2.355,0.535,1.450638,0.2637895,0.7870735,0.21292650000000002
Aster alpinus,5890596590,1872,8,10,1872-08-10T00:00,223,46.755556,9.513056,2538,NA,NA,NA,6,0.56,4.98,1.855,0.52,0.712422,0.362194,0.9060045,0.09399550000000001
Aster alpinus,5890596598,1932,8,14,1932-08-14T00:00,227,46.473187,9.51264,NA,NA,NA,NA,4,0.51,5.255,2.2199999999999998,0.46499999999999997,0.7533735,0.2525885,0.870603,0.12939699999999998
Aster alpinus,5890596600,1907,7,21,1907-07-21T00:00,202,46.632457,8.672334,2344,NA,292,NA,1,1.27,6.48,2.8,0.69,2.465839,0.380271,0.941607,0.058393
Aster alpinus,5890596604,1911,8,7,1911-08-07T00:00,219,46.971799,10.392927,2003,NA,516,NA,9,0.17,2.46,1.01,0.33,0.990991,0.337886,0.811927,0.188073
Aster alpinus,5890596607,1931,7,NA,1931-07,NA,46.866945,9.438604,2200,NA,524,2200m,1,0.2,2.97,1.3,0.36,0.300518,0.291388,0.813752,0.186248
Aster alpinus,5890596611,1902,7,15,1902-07-15T00:00,196,46.624953,10.196945,1850,NA,119,1850m,7,0.35,4.42,2.07,0.32,0.809917,0.227883,0.854537,0.145463
Aster alpinus,5890596613,1906,8,1,1906-08-01T00:00,213,46.391922,10.036217,2188,NA,6069,NA,1,0.74,6.35,2.83,0.38,0.342432,0.231245,0.903398,0.096602
Aster alpinus,5890596614,1910,8,6,1910-08-06T00:00,218,46.436692,10.020092,2527,NA,1594,NA,2,0.13,2.375,0.9650000000000001,0.325,1.2256085,0.277924,0.763006,0.23699399999999998
Aster alpinus,5890596615,1901,6,17,1901-06-17T00:00,168,46.715539,10.11391,NA,NA,1690,NA,1,0.14,2.47,1.04,0.33,0.487342,0.281599,0.876066,0.123934
Aster alpinus,5890596623,1895,8,7,1895-08-07T00:00,219,46.582777,9.845175,NA,NA,4530,NA,5,0.21,2.95,1.29,0.36,1.15,0.306825,0.76548,0.23452
Aster alpinus,5890596624,1909,7,NA,1909-07,250,46.944472,10.361259,2592,NA,NA,2592m,4,0.48,4.315,1.845,0.41000000000000003,0.5084385,0.25624650000000004,0.871022,0.128978
Aster alpinus,5890596625,1900,8,6,1900-08-06T00:00,218,46.642369,10.260022,NA,NA,1479,NA,3,0.29,3.72,1.57,0.3,0.834171,0.202345,0.715854,0.284146
Aster alpinus,5890596628,1907,8,5,1907-08-05T00:00,217,46.411035,10.021527,NA,NA,NA,NA,5,0.3,3.36,1.4,0.35,0.975155,0.30626,0.8511,0.1489
Aster alpinus,5890596632,1851,7,23,1851-07-23T00:00,204,46.888953,9.48648,2022,NA,5216,NA,1,0.23,2.65,1.15,0.28,0.301136,0.410439,0.949503,0.050497
Aster alpinus,5890596634,1920,8,24,1920-08-24T00:00,237,46.449366,10.000026,2963,NA,1432,NA,8,0.52,6.24,2.685,0.635,0.498096,0.1776475,0.5740879999999999,0.42591199999999996
Aster alpinus,5890596637,1916,8,5,1916-08-05T00:00,218,46.864227,10.382963,NA,NA,1143,NA,1,0.63,5,2.2,0.5,0.881679,0.31696,0.913676,0.086324
Aster alpinus,5890596638,1935,7,24,1935-07-24T00:00,205,46.829034,10.441846,2350,NA,293,2350m,6,0.315,4.595,1.67,0.41000000000000003,0.5280755,0.17951050000000002,0.77684,0.22316
Aster alpinus,5890596639,1951,8,19,1951-08-19T00:00,231,46.97781,10.372866,NA,NA,1234,NA,1,0.11,2.17,0.98,0.23,0.262857,0.297476,0.871991,0.128009
Aster alpinus,5890596640,1878,5,NA,1878-05,NA,46.328778,10.062065,NA,NA,403,NA,11,0.84,5.62,2.32,0.61,0.966184,0.327131,0.889862,0.110138
Aster alpinus,5890596641,1979,7,12,1979-07-12T00:00,193,46.581687,10.392959,1819,NA,1291,NA,9,0.18,3.22,1.4,0.37,1.341564,0.210876,0.668123,0.331877
Aster alpinus,5890596648,1913,8,1,1913-08-01T00:00,213,46.886187,9.902265,2000,NA,NA,2000m,7,0.72,5.19,2.31,0.63,1.227451,0.337667,0.919291,0.080709
Aster alpinus,5890596649,1946,7,NA,1946-07,NA,46.552902,9.889734,NA,NA,NA,NA,2,0.22,3.315,1.455,0.375,1.731874,0.2516595,0.738525,0.261475
Aster alpinus,5890596653,1968,8,20,1968-08-20T00:00,233,46.609509,9.357176,2110,NA,NA,2110m,8,0.595,4.875,1.9449999999999998,0.59,1.040926,0.25734999999999997,0.77938,0.22061999999999998
Aster alpinus,5890596654,1910,8,26,1910-08-26T00:00,238,46.762793,9.675176,2100,NA,649,2100m,7,0.26,3.78,1.65,0.4,1,0.232148,0.864044,0.135956
Aster alpinus,5890596655,1906,7,28,1906-07-28T00:00,209,46.530941,9.198868,NA,NA,NA,NA,3,0.72,5.42,2.29,0.55,0.683077,0.307932,0.855213,0.144787
Aster alpinus,5890596663,1906,8,1,1906-08-01T00:00,213,46.391921,10.036216,2188,NA,6069,NA,1,1.62,9.08,3.75,0.87,0.324232,0.246854,0.754665,0.245335
Aster alpinus,5890596669,1918,7,28,1918-07-28T00:00,209,46.762916,9.675082,2072,NA,613,NA,2,0.28500000000000003,3.33,1.42,0.32,2.231989,0.270308,0.821428,0.178572
Aster alpinus,5890596672,1906,7,26,1906-07-26T00:00,207,46.490752,9.899025,1782,NA,2684,2000 m,6,0.52,4.84,2.125,0.47500000000000003,0.636137,0.263344,0.7494704999999999,0.2505295
Aster alpinus,5890596678,1905,7,28,1905-07-28T00:00,209,46.484575,9.916213,1950,NA,869,1950m,1,0.04,1.93,0.73,0.18,0.845455,0.120501,0.689039,0.310961
Aster alpinus,5890596679,1952,7,21,1952-07-21T00:00,203,46.889012,9.476609,2280,NA,706,2280m,7,0.39,5.43,2.12,0.45,0.428094,0.245096,0.832409,0.167591
Aster alpinus,5890596680,1989,8,15,1989-08-15T00:00,227,46.521551,9.831659,2380,NA,NA,2380m,2,0.47,5.075,2.265,0.475,0.9925774999999999,0.2335585,0.839785,0.160215
Aster alpinus,5890596682,1912,7,NA,1912-07,341,46.909654,9.868598,2200,NA,1067,2200m,9,0.65,4.98,2.08,0.59,0.613636,0.284252,0.871279,0.128721
Aster alpinus,5890596685,1990,4,30,1990-04-30T00:00,120,46.541823,9.872988,1860,NA,NA,1860m,1,0.17,2.23,0.86,0.33,0.716814,0.421994,0.91272,0.08728
Aster alpinus,5890596686,1979,7,14,1979-07-14T00:00,195,46.77985,10.201288,1630,NA,640,1630m,8,0.31,4.51,2,0.445,0.814964,0.21515,0.6729160000000001,0.32708400000000004
Viola calcarata,3383268331,1985,6,24,1985-06-24T00:00,175,46.028365,7.212636,2120,NA,NA,2100 - 2140 m,7,0.77,4.4,1.56,0.8,1.548173,0.557335,0.946198,0.053802
Viola calcarata,3383271315,1916,6,12,1916-06-12T00:00,164,46.239166,7.653889,3015,NA,NA,NA,2,0.525,3.41,1.375,0.58,1.1412339999999999,0.5684365,0.920826,0.079174
Viola calcarata,3383271461,1899,6,24,1899-06-24T00:00,175,45.867777,7.160833,2352,NA,NA,2350 m,1,0.88,4.07,1.62,0.84,2.579365,0.66864,0.970124,0.029876
Viola calcarata,3383271489,1910,8,4,1910-08-04T00:00,216,45.875423,7.145308,2681,NA,NA,2800 m,1,0.31,2.23,0.85,0.54,2.17284,0.79845,0.982212,0.017788000000000002
Viola calcarata,3383271524,1896,7,NA,1896-07,NA,45.868888,7.170556,2475,NA,NA,NA,6,0.22999999999999998,2.065,0.7849999999999999,0.435,0.7654905,0.61373,0.9443415,0.0556585
Viola calcarata,3383271662,1911,6,25,1911-06-25T00:00,176,46.168611,7.0975,2008,NA,NA,2000 m,2,0.295,2.43,0.925,0.47,2.3379705,0.621877,0.922919,0.077081
Viola calcarata,3383272333,1973,6,13,1973-06-13T00:00,164,45.912777,7.085556,2123,NA,NA,2120 m,7,0.47,3.71,1.58,0.48,0.750973,0.438081,0.958538,0.041462
Viola calcarata,3383272542,1886,7,21,1886-07-21T00:00,202,45.868888,7.170556,2475,NA,NA,NA,10,0.31000000000000005,2.7800000000000002,1.185,0.425,1.606061,0.5194255,0.920148,0.079852
Viola calcarata,3383272584,1912,8,6,1912-08-06T00:00,219,46.046388,7.461667,2406,NA,NA,2400 m,1,0.41,2.91,1.09,0.65,1.090164,0.614421,0.886061,0.113939
Viola calcarata,3383273303,1950,6,8,1950-06-08T00:00,159,46.030833,7.774722,2196,NA,NA,2200 m,1,0.19,1.8,0.71,0.36,1.414894,0.727259,0.978661,0.021339
Viola calcarata,3383273312,1989,2,14,1989-02-14T00:00,45,46.375,8.019444,1996,NA,NA,2000 m,4,0.65,3.8,1.355,0.81,1.2887135,0.660293,0.9186885,0.08131150000000001
Viola calcarata,3383273753,1896,7,25,1896-07-25T00:00,207,45.869125,7.152435,2373,NA,826,2400 m,2,0.305,2.83,1.2,0.405,1.2741325,0.4673565,0.9386625,0.0613375
Viola calcarata,3383274582,1880,7,18,1880-07-18T00:00,200,46.191666,7.097222,2514,NA,NA,2500 m,2,0.6100000000000001,3.375,1.3850000000000002,0.515,2.435946,0.5488715,0.9491499999999999,0.05085
Viola calcarata,3383276463,1949,6,6,1949-06-06T00:00,157,46.207777,7.865278,2078,NA,NA,2100 m,5,0.27,2.54,0.85,0.54,1.686567,0.488738,0.918699,0.081301
Viola calcarata,3383276606,1907,7,5,1907-07-05T00:00,186,45.992222,7.706111,2541,NA,NA,NA,5,0.73,3.76,1.46,0.71,0.995495,0.560268,0.927717,0.072283
Viola calcarata,3383277444,1900,7,NA,1900-07,NA,46.346944,7.4775,1987,NA,NA,NA,3,0.23,4.22,1.88,0.33,0.95102,0.163122,0.872005,0.127995
Viola calcarata,3383277461,1905,6,15,1905-06-15T00:00,166,46.112222,7.159444,1689,NA,NA,NA,13,0.49,3.05,1.16,0.61,0.984674,0.59626,0.967286,0.032714
Viola calcarata,3383277670,1991,7,4,1991-07-04T00:00,185,46.394444,8.046667,2305,NA,NA,2300 m,5,1.01,4.15,1.4,0.99,0.605634,0.636551,0.962511,0.037489
Viola calcarata,3383296280,1910,7,27,1910-07-27T00:00,208,46.380278,8.270833,2002,NA,NA,2000 m,5,1.09,5.76,2.45,0.73,0.924051,0.41355,0.926173,0.073827
Viola calcarata,3383298512,1887,6,19,1887-06-19T00:00,170,46.395277,7.610833,2318,NA,NA,2330 m,14,0.235,2.07,0.7050000000000001,0.545,0.995355,0.7866565,0.9701435,0.0298565
Viola calcarata,3383298532,1890,7,5,1890-07-05T00:00,186,45.898055,7.186389,2007,NA,NA,NA,5,0.4,3.13,1.41,0.57,1.415929,0.572074,0.957547,0.042453
Viola calcarata,3383298541,1935,6,9,1935-06-09T00:00,160,46.001666,7.752222,2261,NA,NA,NA,2,0.38,3.025,0.895,0.725,1.221212,0.5578745,0.8798735,0.1201265
Viola calcarata,3383299540,1983,7,27,1983-07-27T00:00,208,46.569444,8.387222,2009,NA,NA,2010 m,5,0.5,3.35,1.25,0.68,2.204545,0.5218,0.886306,0.113694
Viola calcarata,3383300368,1895,7,NA,1895-07,NA,46.217777,7.680278,2498,NA,NA,NA,2,0.855,3.685,1.335,0.8400000000000001,1.2804345,0.7500344999999999,0.9745794999999999,0.0254205
Viola calcarata,3383300579,1870,6,20,1870-06-20T00:00,171,45.869125,7.152435,2373,NA,826,NA,3,0.31,2.47,1.01,0.47,0.883721,0.6369,0.968577,0.031423
Viola calcarata,3383300682,1916,7,27,1916-07-27T00:00,209,46.225833,7.623889,2202,NA,NA,2200 m,3,0.49,3.51,1.49,0.61,1.772973,0.500463,0.927305,0.072695
Viola calcarata,3383300941,1951,6,30,1951-06-30T00:00,181,46.256388,7.932778,2108,NA,NA,2100 m,15,0.6,3.23,1.29,0.73,0.786585,0.686153,0.963748,0.036252
Viola calcarata,3383301360,1871,7,24,1871-07-24T00:00,205,45.868889,7.170556,2475,NA,NA,2472 m,1,0.32,3.33,1.42,0.43,0.35545,0.35631,0.862053,0.137947
Viola calcarata,3383302595,1919,7,29,1919-07-29T00:00,210,45.985,7.765,2808,NA,NA,2700 - 2900 m,1,0.84,4.85,2.03,0.68,0.517028,0.449419,0.944437,0.055563
Viola calcarata,3383302623,1922,7,30,1922-07-30T00:00,211,45.99,7.696667,2869,NA,NA,NA,2,0.78,3.93,1.545,0.745,2.045084,0.6347965,0.9687159999999999,0.031284
Viola calcarata,3383303482,1933,7,9,1933-07-09T00:00,190,45.992222,7.706111,2541,NA,NA,NA,5,0.3,2.56,0.96,0.51,0.830986,0.6845,0.955477,0.044523
Viola calcarata,3383303539,1939,7,15,1939-07-15T00:00,196,46.146111,7.635278,2095,NA,NA,2100 m,9,0.44,3.65,1.59,0.59,1.831776,0.513565,0.94912,0.05088
Viola calcarata,3383303724,1951,7,14,1951-07-14T00:00,195,45.868888,7.170556,2475,NA,NA,NA,5,0.32,2.45,0.94,0.58,1.14,0.722437,0.97144,0.02856
Viola calcarata,3383304350,1895,7,NA,1895-07,NA,46.214166,7.688056,2400,NA,NA,2400 m,3,0.19,1.81,0.68,0.48,1.041667,0.736116,0.975516,0.024484
Viola calcarata,3383304357,1869,5,23,1869-05-23T00:00,143,46.149166,7.055278,976,NA,NA,NA,1,0.82,4.27,1.79,0.76,2.206612,0.56886,0.95782,0.04218
Viola calcarata,3383304435,1931,7,10,1931-07-10T00:00,191,46.001666,7.751667,2240,NA,NA,NA,3,0.45,3.56,1.55,0.47,0.942197,0.466789,0.955596,0.044404
Viola calcarata,3383304448,1893,8,2,1893-08-02T00:00,214,46.325277,7.313889,2553,NA,NA,2570 m,2,0.425,2.77,0.99,0.6399999999999999,2.0540225000000003,0.693485,0.9470445000000001,0.0529555
Viola calcarata,3383304683,1896,7,18,1896-07-18T00:00,200,46.136111,7.625833,1675,NA,NA,NA,3,0.53,3.19,1.23,0.63,1.527778,0.517172,0.907952,0.092048
Viola calcarata,3383305334,1905,7,NA,1905-07,127,46.00415,7.742872,1916,NA,NA,NA,7,0.57,3.32,1.2,0.55,0.861789,0.578107,0.94769,0.05231
Viola calcarata,3383305360,1869,NA,NA,1869,NA,46,7.689722,2333,NA,NA,NA,1,0.39,2.78,1.06,0.6,0.6,0.628084,0.923834,0.076166
Viola calcarata,3383305500,1904,6,23,1904-06-23T00:00,175,46.571944,8.413333,2429,NA,NA,NA,3,0.68,3.34,1.17,0.84,0.921429,0.720986,0.959857,0.040143
Viola calcarata,3383305920,1951,6,30,1951-06-30T00:00,181,46.250277,7.9375,2303,NA,NA,2300 m,2,0.32,2.5250000000000004,0.98,0.54,1.570562,0.6353504999999999,0.9099195,0.09008050000000001
Viola calcarata,3383306617,1941,7,20,1941-07-20T00:00,201,46.409444,7.590278,2701,NA,NA,2700 m,1,0.22,3.14,1.4,0.32,1.598765,0.280508,0.873224,0.126776
Viola calcarata,3383307327,1920,5,23,1920-05-23T00:00,144,46.2525,7.593889,1965,NA,NA,NA,5,0.5,3.05,1.1,0.7,0.760736,0.728869,0.96137,0.03863
Viola calcarata,3383307415,1918,7,4,1918-07-04T00:00,185,45.911388,7.198611,1810,NA,NA,NA,3,0.69,3.45,1.17,0.78,1.258503,0.722765,0.957327,0.042673
Viola calcarata,3383307497,1933,7,19,1933-07-19T00:00,200,45.996606,7.730298,1933,NA,1837,NA,7,0.31,2.74,1.11,0.41,1.551724,0.55547,0.93275,0.06725
Viola calcarata,3383307534,1952,6,15,1952-06-15T00:00,167,46.001666,7.751944,2251,NA,NA,2250 m,5,0.76,4.75,2.14,0.72,0.840304,0.407634,0.927289,0.072711
Viola calcarata,3383308645,1898,7,20,1898-07-20T00:00,201,46.378889,8.220278,2146,NA,NA,2100 - 2200 m,12,0.69,3.875,1.48,0.775,1.0482605,0.635766,0.952504,0.047496
Viola calcarata,3383309544,1913,8,4,1913-08-04T00:00,216,45.990277,7.705833,2600,NA,NA,2600 m,6,0.5800000000000001,3.8049999999999997,1.6099999999999999,0.64,1,0.5382899999999999,0.9466265,0.053373500000000004
Viola calcarata,3383309755,1904,7,NA,1904-07,97,45.993611,7.753889,2547,NA,NA,NA,1,0.64,3.52,1.31,0.76,0.576779,0.646791,0.925483,0.074517
Viola calcarata,3383310585,1912,8,22,1912-08-22T00:00,235,46.858046,9.832634,2481,NA,102,bis 2500 m,3,1.02,5.98,2.31,0.72,1.63587,0.406213,0.895786,0.104214
Viola calcarata,3383311399,1925,10,1,1925-10-01T00:00,274,45.869722,7.174444,2430,NA,NA,2400 - 2450 m,10,0.9400000000000001,5.295,2.2350000000000003,0.6699999999999999,1.5838364999999999,0.3019315,0.8193954999999999,0.1806045
Viola calcarata,3383311406,1870,6,2,1870-06-02T00:00,153,45.868888,7.170556,2475,NA,NA,NA,5,0.85,4.03,1.59,0.78,1.211538,0.674014,0.969693,0.030307
Viola calcarata,3383312435,1936,7,NA,1936-07,NA,46.093133,7.47242,2614,NA,8534,NA,2,0.2,2.755,1.21,0.33499999999999996,1.162822,0.328971,0.8826925000000001,0.1173075
Viola calcarata,3383312617,1880,5,21,1880-05-21T00:00,142,46.115627,7.199585,2351,NA,NA,2200 - 2450 m,2,1.355,6.385,2.115,1.125,1.4432675,0.3620815,0.8355414999999999,0.1644585
Viola calcarata,3383312650,1892,8,19,1892-08-19T00:00,232,45.995,7.712778,2406,NA,NA,2400 m,6,1.1400000000000001,5.385,2.23,0.815,1.352506,0.532007,0.9349890000000001,0.065011
Viola calcarata,3383313634,1876,8,19,1876-08-19T00:00,232,45.924722,7.368286,2595,NA,NA,NA,2,0.46499999999999997,3.67,1.4849999999999999,0.56,1.4575330000000002,0.434808,0.8600165,0.13998349999999998
Viola calcarata,3383314440,1892,6,NA,1892-06,NA,46.131111,7.205278,1799,NA,NA,1800 m,22,0.305,2.2800000000000002,0.84,0.53,1.0308655,0.700145,0.9614885,0.0385115
Viola calcarata,3383314534,1896,7,25,1896-07-25T00:00,207,45.868888,7.170556,2475,NA,NA,2472 m,3,0.26,2.82,0.96,0.47,1.248756,0.484207,0.94292,0.05708
Viola calcarata,3383315351,1935,8,15,1935-08-15T00:00,227,45.870833,7.169444,2552,NA,NA,2500 - 2600 m,8,0.37,2.755,1.15,0.55,1.5760990000000001,0.622596,0.9643515,0.0356485
Viola calcarata,3383315545,1904,7,NA,1904-07,97,46.236666,7.993711,2226,NA,NA,NA,1,0.35,2.41,0.89,0.57,1.274725,0.754511,0.967547,0.032453
Viola calcarata,3383322338,1985,6,24,1985-06-24T00:00,175,46.028365,7.212636,2120,NA,NA,2100 - 2140 m,4,0.30000000000000004,3.33,1.475,0.36,2.2221265,0.3339345,0.8646320000000001,0.135368
Viola calcarata,3383332235,1909,7,26,1909-07-26T00:00,207,46.329166,7.266389,2349,NA,NA,2350 m,2,0.28500000000000003,2.625,0.86,0.535,1.1828405,0.5504565,0.8984300000000001,0.10157
Viola calcarata,3383332277,1885,7,NA,1885-07,NA,46.4161,8.101667,2306,NA,NA,7000 - 8000',1,0.23,2.97,1.33,0.31,0.696429,0.331788,0.943154,0.056846
Viola calcarata,3383332294,1895,7,NA,1895-07,NA,46.198055,7.690556,2210,NA,NA,2200 m,2,0.5449999999999999,3.7,1.525,0.615,1.3279255,0.45160049999999996,0.8441725,0.1558275
Viola calcarata,3383338544,1884,7,3,1884-07-03T00:00,185,46.379497,8.251891,2018,NA,NA,NA,12,0.48,3.3899999999999997,1.3599999999999999,0.565,1.4190005,0.5747115,0.9421805,0.057819499999999996
Viola calcarata,3383339594,1914,7,NA,1914-07,NA,46.2525,7.593889,1965,NA,NA,NA,3,0.33,3.5,1.53,0.41,0.797357,0.33461,0.80193,0.19807
Viola calcarata,3383340379,1941,7,19,1941-07-19T00:00,200,46.403611,7.611831,2212,NA,NA,NA,2,0.755,3.7300000000000004,1.42,0.7549999999999999,0.9035965,0.6676774999999999,0.954249,0.045751
Viola calcarata,3383340493,1904,7,NA,1904-07,97,46.236666,7.993711,2226,NA,NA,NA,3,0.29,2.37,0.95,0.46,0.56391,0.644109,0.9354,0.0646
Viola calcarata,3383340753,1951,7,11,1951-07-11T00:00,192,46.094722,7.901667,2339,NA,NA,2300 m,6,0.475,3.49,1.4449999999999998,0.445,1.023975,0.429529,0.8841025,0.1158975
Viola calcarata,3383341535,1897,7,8,1897-07-08T00:00,189,46.016667,7.725278,2365,NA,NA,2365 m,1,0.28,3.72,1.58,0.36,3.828125,0.251453,0.694918,0.305082
Viola calcarata,3383341700,1913,8,1,1913-08-01T00:00,213,46.019166,7.745833,1624,NA,NA,NA,3,0.34,2.76,1.18,0.53,0.827586,0.659698,0.965326,0.034674
Viola calcarata,3383342462,1895,7,17,1895-07-17T00:00,198,46.196388,7.688611,2298,NA,NA,2300 m,1,0.19,2.02,0.79,0.42,0.450292,0.600411,0.930376,0.069624
Viola calcarata,3383342600,1911,6,23,1911-06-23T00:00,174,46.239722,7.981111,2419,NA,NA,NA,1,0.64,3.37,1.25,0.78,2.042373,0.705646,0.954506,0.045494
Viola calcarata,3383343675,1902,7,16,1902-07-16T00:00,197,46.431388,8.094167,2919,NA,NA,NA,1,0.66,3.37,1.18,0.82,0.767442,0.736382,0.973538,0.026462
Viola calcarata,3383344661,1915,5,21,1915-05-21T00:00,141,46.145833,7.078611,1996,NA,NA,2000 m,2,0.735,4.0649999999999995,1.69,0.6499999999999999,2.0951750000000002,0.562338,0.958393,0.041607000000000005
Viola calcarata,3383345441,1939,7,14,1939-07-14T00:00,195,46.2075,7.620833,2350,NA,NA,2350 m,2,0.215,1.96,0.735,0.44499999999999995,1.5277175,0.689038,0.945379,0.054621
Viola calcarata,3383345484,1886,7,21,1886-07-21T00:00,202,45.868888,7.170556,2475,NA,NA,NA,5,0.41,2.83,1.02,0.6,1.2,0.631977,0.962021,0.037979
Viola calcarata,3383346457,1870,7,NA,1870-07,NA,45.869125,7.152435,2373,NA,826,NA,1,0.11,1.8,0.67,0.25,1.191781,0.408901,0.920183,0.079817
Viola calcarata,3383346625,1897,6,7,1897-06-07T00:00,158,46.061667,7.491111,1830,NA,NA,NA,8,0.8300000000000001,3.77,1.455,0.84,1.1321955,0.6638204999999999,0.9666295,0.0333705
Viola calcarata,3383347787,2012,6,16,2012-06-16T00:00,168,46.393055,8.059167,2013,NA,NA,2010 m,3,0.27,2.17,0.8,0.34,0.425197,0.661066,0.952987,0.047013
Viola calcarata,4869256407,1907,6,NA,1907-06,187,46.451692,9.548148,2002,NA,5410,NA,7,0.32,2.72,1.11,0.47,1.069231,0.53575,0.946501,0.053499
Viola calcarata,4909802363,1988,6,3,1988-06-03T00:00,155,46.443426,9.657802,2000,NA,NA,2000m,14,0.35,2.51,0.9450000000000001,0.565,1.3621794999999999,0.6267335,0.9474535,0.052546499999999996
Viola calcarata,5004378729,1984,7,17,1984-07-17,199,46.43806,14.18333,1970,130,1000,NA,1,0.16,1.59,0.58,0.41,1.289474,0.785789,0.971673,0.028327
Viola calcarata,5004390844,1897,6,NA,1897-06,NA,46.43306,14.175,2025,175,1000,NA,2,0.08499999999999999,1.145,0.395,0.315,0.8997845,0.7983565,0.9567125,0.0432875
Viola calcarata,5004393321,1964,5,24,1964-05-24,145,46.4475,14.18333,1650,NA,100,NA,1,0.1,1.25,0.48,0.33,2,0.773153,0.968553,0.031447
Viola calcarata,5189254303,1841,7,NA,1841-07,NA,46.571292,10.056694,NA,NA,3006,NA,1,0.67,3.2,1.09,0.83,0.743455,0.820879,0.980933,0.019067
Viola calcarata,5276739560,1910,7,17,1910-07-17T00:00,198,46.869816,9.605922,2000,NA,1264,2000m,2,0.235,2.505,1.02,0.41000000000000003,2.9141445,0.483535,0.8813945000000001,0.1186055
Viola calcarata,5276739754,2025,4,19,2025-04-19T00:00,109,46.438204,6.989988,1835,NA,NA,2000m,1,0.28,3.77,1.68,0.26,1.613636,0.250338,0.815453,0.184547
Viola calcarata,5896482314,1895,8,3,1895-08-03T00:00,215,46.582777,9.845175,NA,NA,4530,NA,2,0.375,2.9,1.2149999999999999,0.475,0.573305,0.592298,0.9492020000000001,0.050798
Viola calcarata,5896482315,1874,NA,NA,1874,NA,46.798474,9.827503,NA,NA,NA,NA,1,0.68,3.21,1.1,0.84,1.251969,0.826061,0.984708,0.015292
Viola calcarata,5896482318,1902,7,12,1902-07-12T00:00,193,46.640815,10.194723,NA,NA,1004,NA,2,0.38,2.46,0.895,0.63,0.5887825,0.7727495,0.964071,0.035929
Viola calcarata,5896482322,1916,5,31,1916-05-31T00:00,152,46.460515,9.791675,NA,NA,733,NA,3,0.78,3.75,1.35,0.84,1.178082,0.692531,0.982203,0.017797
Viola calcarata,5896482323,1918,5,27,1918-05-27T00:00,147,46.776417,9.669469,1799,NA,NA,NA,3,0.24,2.61,1.03,0.45,0.905405,0.712338,0.968067,0.031933
Viola calcarata,5896482324,1893,8,17,1893-08-17T00:00,229,46.769777,10.334731,1972,NA,2405,2000m,2,0.325,2.58,0.96,0.565,0.8132305,0.6235550000000001,0.8917714999999999,0.1082285
Viola calcarata,5896482325,1913,7,23,1913-07-23T00:00,204,46.846153,9.836918,1970,NA,NA,1970m,3,0.34,2.88,1.17,0.45,1.678832,0.624659,0.96693,0.03307
Viola calcarata,5896482330,1924,6,11,1924-06-11T00:00,163,46.544664,9.807834,NA,NA,6420,NA,10,1.085,4.79,1.805,0.89,0.9352145000000001,0.503726,0.9071180000000001,0.09288199999999999
Viola calcarata,5896482332,1923,7,NA,1923-07,NA,46.760954,9.527261,2000,NA,601,2000m,12,0.385,2.925,1.12,0.62,1.087928,0.603974,0.943817,0.056183
Viola calcarata,5896482336,1903,7,11,1903-07-11T00:00,192,46.786791,9.831208,NA,NA,255,NA,4,0.24,2.25,0.895,0.4,1.4166665,0.718251,0.959042,0.040957999999999994
Viola calcarata,5896482342,1926,8,10,1926-08-10T00:00,222,46.820782,10.244306,2784,NA,NA,NA,3,1.32,5.59,2.39,0.86,2.272727,0.531075,0.963189,0.036811
Viola calcarata,5896482346,1909,NA,NA,1909,NA,46.804106,9.648384,1970,NA,673,1970m,1,0.65,3.38,1.28,0.72,1.216561,0.70982,0.974629,0.025371
Viola calcarata,5896482350,1918,7,25,1918-07-25T00:00,206,46.476943,9.547174,2640,NA,1303,2640 m,1,0.23,1.86,0.64,0.48,2.053333,0.832488,0.977766,0.022234
Viola calcarata,5896482351,1897,7,31,1897-07-31T00:00,212,46.464598,9.538443,2213,NA,5072,NA,1,0.27,2.29,0.69,0.65,0.962963,0.642824,0.896845,0.103155
Viola calcarata,5896482359,1895,7,4,1895-07-04T00:00,185,46.838878,9.821748,2400,NA,1091,2400m,1,0.61,3.42,1.33,0.66,1.449612,0.654225,0.960232,0.039768
Viola calcarata,5896482365,1911,6,5,1911-06-05T00:00,156,46.740493,9.734881,2350,NA,1046,2350m,2,0.21500000000000002,1.975,0.71,0.45,1.470462,0.632776,0.9308645,0.0691355
Viola calcarata,5896482388,1902,8,2,1902-08-02T00:00,214,46.885089,9.717155,NA,NA,292,NA,7,0.59,3.56,1.34,0.69,2.081818,0.584558,0.946776,0.053224
Viola calcarata,5896482390,1912,7,NA,1912-07,341,46.901974,9.22458,NA,NA,NA,NA,5,0.35,2.52,1,0.57,1.883871,0.686584,0.952421,0.047579
Viola calcarata,5896482391,1942,NA,NA,1942,NA,46.803495,9.815699,1900,NA,406,1900m,2,0.975,4.5,1.8499999999999999,0.775,0.452148,0.609108,0.9720335,0.0279665
Viola calcarata,5896482392,1895,7,NA,1895-07,NA,46.582777,9.845175,2296,NA,4530,NA,1,0.51,3.22,1.26,0.72,0.624309,0.6242,0.925775,0.074225
Viola calcarata,5896482394,1888,7,23,1888-07-23T00:00,205,46.605115,9.22272,2150,NA,392,2150m,1,0.28,2.03,0.64,0.6,2.044944,0.847978,0.97926,0.02074
Viola calcarata,5896482402,1878,7,18,1878-07-18T00:00,199,46.58235,9.837768,2300,NA,NA,2300m,1,0.43,2.79,1.01,0.61,1.522124,0.689323,0.970078,0.029922
Viola calcarata,5896482410,1903,7,15,1903-07-15T00:00,196,46.582777,9.845175,NA,NA,4530,NA,1,0.39,2.49,0.79,0.7,1.963303,0.797751,0.973251,0.026749
Viola calcarata,5896482415,1978,6,13,1978-06-13T00:00,164,46.803047,9.685585,1900,NA,313,1900m,2,0.78,3.7199999999999998,1.4,0.86,0.5755574999999999,0.7140655,0.95772,0.04228
Viola calcarata,5896482420,1912,7,4,1912-07-04T00:00,186,46.497726,9.83815,1835,NA,NA,NA,3,0.59,4.8,1.86,0.46,1.682203,0.346762,0.92074,0.07926
Viola calcarata,5896482422,1918,8,5,1918-08-05T00:00,217,46.749494,9.668732,1877,NA,551,NA,1,0.44,2.54,0.81,0.7,1.163462,0.85059,0.981615,0.018385
Viola calcarata,5896482424,1897,7,NA,1897-07,NA,46.459387,9.499111,NA,NA,959,NA,7,0.45,3.01,0.99,0.7,1.037037,0.661895,0.938467,0.061533
Viola calcarata,5896482426,1883,8,NA,1883-08,NA,46.589611,9.846103,2500,NA,601,2500m,11,0.68,3.3,1.24,0.84,1.132353,0.798883,0.965082,0.034918
Viola calcarata,5896482427,1903,7,12,1903-07-12T00:00,193,46.794837,9.675474,2000,NA,815,2000m,6,1.065,4.425,1.665,0.8700000000000001,1.489579,0.696841,0.968323,0.031677000000000004
Viola calcarata,5896482428,1905,7,25,1905-07-25T00:00,206,46.476975,9.546155,2600,NA,717,2600m,7,0.52,3.08,1.1,0.59,1.074766,0.684476,0.97444,0.02556
Viola calcarata,5896482435,1913,6,23,1913-06-23T00:00,174,46.83176,9.860898,1670,NA,995,NA,14,0.385,2.885,1.14,0.55,1.8588360000000002,0.59512,0.949264,0.050736
Viola calcarata,5896482446,1904,7,14,1904-07-14T00:00,196,46.727655,9.554491,NA,NA,NA,NA,1,0.18,2.28,0.89,0.4,1.463415,0.445647,0.835673,0.164327
Viola calcarata,5896482447,1915,5,23,1915-05-23T00:00,143,46.490403,9.825027,1960,NA,489,NA,1,0.48,2.85,1.03,0.7,1.388889,0.74208,0.964387,0.035613
Viola calcarata,5896482448,1907,7,16,1907-07-16T00:00,197,46.492302,9.902272,1795,NA,NA,NA,8,0.47,3.535,1.4500000000000002,0.47,0.7040474999999999,0.46711,0.923698,0.07630200000000001
Viola calcarata,5896482452,1914,7,1,1914-07-01T00:00,182,46.780484,9.640855,2280,NA,514,2280m,4,0.21500000000000002,2.34,0.855,0.41500000000000004,1.290909,0.5640195,0.9342145,0.0657855
Viola calcarata,5896482453,1901,5,26,1901-05-26T00:00,146,46.804266,9.647818,NA,NA,739,NA,3,0.3,3.19,1.14,0.46,1.481132,0.616621,0.96347,0.03653
Viola calcarata,5896482454,1915,5,23,1915-05-23T00:00,143,46.490404,9.825027,1960,NA,489,NA,1,0.1,1.32,0.49,0.31,0.923077,0.726169,0.952483,0.047517
Viola calcarata,5896482458,1917,8,14,1917-08-14T00:00,226,46.772523,9.622501,NA,NA,NA,NA,2,0.28,2.385,0.94,0.425,0.7986815,0.6427860000000001,0.9669935000000001,0.033006499999999994
Viola calcarata,5896482468,1887,7,28,1887-07-28T00:00,209,46.459387,9.499111,NA,NA,959,NA,1,0.27,2.2,0.81,0.55,0.846154,0.696726,0.944888,0.055112
Viola calcarata,5896482469,1912,8,6,1912-08-06T00:00,219,46.645421,10.214619,2500,NA,825,2500m,1,0.21,1.81,0.62,0.45,0.666667,0.810414,0.977159,0.022841
Viola calcarata,5896482476,1947,5,26,1947-05-26T00:00,146,46.920826,9.486276,1980,NA,182,1980m,8,0.15500000000000003,2.26,0.915,0.41000000000000003,0.705839,0.5207075,0.8676355,0.1323645
Viola calcarata,5896482483,1903,8,5,1903-08-05T00:00,217,47.016143,9.872221,2000,NA,637,2000 m,5,0.62,3.58,1.25,0.73,0.716667,0.771021,0.965489,0.034511
Viola calcarata,5896482491,1932,6,30,1932-06-30T00:00,182,46.793783,9.672171,1980,NA,616,1980m,16,0.45,2.8049999999999997,1.0150000000000001,0.62,1.1168605,0.7282795,0.9692095000000001,0.0307905
Viola calcarata,5896482496,1871,7,5,1871-07-05T00:00,186,46.607319,9.950601,1985,NA,1552,NA,3,0.43,3.08,1.34,0.64,2.085714,0.467117,0.955036,0.044964
Viola calcarata,5896482500,1914,6,21,1914-06-21T00:00,172,46.793029,9.682927,1860,NA,387,1860m,2,0.275,2.265,0.87,0.485,1.9776745,0.662647,0.9642605,0.0357395
Viola calcarata,5896482503,1991,7,30,1991-07-30T00:00,211,46.587112,9.836115,2500,NA,586,2500m,3,0.55,3.31,0.99,0.84,1.045198,0.632317,0.90757,0.09243
Viola calcarata,5896482506,1913,8,3,1913-08-03T00:00,215,46.79255,9.652729,2450,NA,160,2450m,1,0.27,3.64,1.38,0.46,0.751351,0.256671,0.683831,0.316169
Viola calcarata,5896482517,1840,NA,NA,1840,NA,46.85939,9.828164,NA,NA,NA,NA,2,0.37,2.795,1.055,0.5449999999999999,1.292289,0.520499,0.9117905,0.0882095
Viola calcarata,5896482518,1897,8,NA,1897-08,NA,46.582777,9.845175,2296,NA,4530,NA,4,0.39,2.665,1.05,0.595,0.8194205000000001,0.6259110000000001,0.9701175,0.0298825
Viola calcarata,5896482521,1891,8,4,1891-08-04T00:00,216,47.012638,9.839735,2811,NA,350,NA,2,0.345,2.305,0.835,0.5549999999999999,1.044335,0.769056,0.9715914999999999,0.028408499999999996
Viola calcarata,5896482522,1917,8,14,1917-08-14T00:00,226,46.772614,9.622627,2500,NA,NA,2500m,5,0.49,3.25,1.31,0.59,1.540146,0.633844,0.966972,0.033028
Viola calcarata,5896482523,1923,5,5,1923-05-05T00:00,125,46.788671,9.680697,1800,NA,566,1800m,2,0.705,3.605,1.3399999999999999,0.755,1.631237,0.681845,0.9717575,0.0282425
Viola calcarata,5896482525,1901,7,15,1901-07-15T00:00,196,46.579078,9.817596,2208,NA,1522,NA,1,0.94,3.95,1.51,0.84,3.469231,0.757198,0.986368,0.013632
Viola calcarata,5896482527,1913,7,NA,1913-07,NA,46.53308,9.610511,2000,NA,456,2000m,6,0.445,5.29,1.795,0.55,2.5925925000000003,0.218598,0.7108369999999999,0.289163
Viola calcarata,5896482531,1931,6,21,1931-06-21T00:00,172,46.776993,9.670489,1833,NA,NA,NA,15,0.57,3.23,1.19,0.77,1.296703,0.734862,0.965298,0.034702
Viola calcarata,5896482540,1923,4,29,1923-04-29T00:00,119,46.784194,9.68273,1745,NA,360,1745m,1,0.69,3.62,1.18,0.89,0.882353,0.663571,0.959711,0.040289
Viola calcarata,5896482546,1932,6,30,1932-06-30T00:00,182,46.793783,9.672171,1980,NA,616,1980m,26,0.37,2.7199999999999998,0.98,0.56,0.6871635,0.6775195,0.966782,0.033218
Viola calcarata,5896482547,1909,6,22,1909-06-22T00:00,173,46.806335,9.648468,1942,NA,758,NA,6,0.43,3,1,0.655,1.0335915,0.7117195000000001,0.954635,0.045365
Viola calcarata,5896482560,1913,9,10,1913-09-10T00:00,253,46.746865,9.711554,2510,NA,NA,2510m,1,0.11,1.29,0.43,0.35,1.180328,0.824717,0.973637,0.026363
Viola calcarata,5896482561,1901,8,9,1901-08-09T00:00,221,46.550935,9.198458,2400,NA,505,2400 m,1,0.3,2.74,0.93,0.54,0.898438,0.503877,0.895982,0.104018
Viola calcarata,5896482566,1860,NA,NA,1860,NA,46.667844,10.072697,1717,NA,44313,NA,1,0.38,2.52,0.86,0.62,1.408602,0.748064,0.972687,0.027313
Viola calcarata,5896482568,1897,6,NA,1897-06,NA,46.792346,9.797443,2150,50,420,2100-2200m,15,1.01,4.58,1.57,0.93,1.129032,0.726224,0.960181,0.039819
Viola calcarata,5896482570,1910,6,14,1910-06-14T00:00,165,46.48781,9.835045,NA,NA,NA,NA,12,0.53,3.4050000000000002,1.355,0.71,0.722314,0.5836319999999999,0.937692,0.062308
Viola calcarata,5896482588,1911,7,20,1911-07-20T00:00,201,46.556988,9.286738,2400,NA,764,2400m,7,0.54,3.91,1.54,0.66,1.076087,0.547791,0.936273,0.063727
Viola calcarata,5896482597,1910,6,14,1910-06-14T00:00,165,46.504109,9.822764,2271,NA,520,NA,1,0.36,2.37,0.81,0.62,0.588957,0.809696,0.974028,0.025972
Viola calcarata,5896482602,1907,7,24,1907-07-24T00:00,205,46.694982,9.839609,2250,NA,2121,NA,1,0.13,2.15,0.87,0.34,0.509804,0.358789,0.802129,0.197871
Viola calcarata,5896482608,1896,8,NA,1896-08,NA,46.582427,9.83807,NA,NA,NA,NA,3,0.83,3.75,1.37,0.67,1.64486,0.475301,0.936602,0.063398
Viola calcarata,5896482613,1910,8,7,1910-08-07T00:00,219,46.518448,9.82564,2308,NA,2014,NA,1,0.54,3.24,1.32,0.59,0.494737,0.643851,0.978156,0.021844
Viola calcarata,5896482617,1872,7,7,1872-07-07T00:00,189,46.885175,9.48672,2000,NA,571,2000m,5,0.52,3.01,1.1,0.73,0.95614,0.765842,0.972522,0.027478
Viola calcarata,5896482629,1916,7,9,1916-07-09T00:00,191,46.472265,9.7276,NA,NA,NA,NA,4,0.475,3.605,1.4849999999999999,0.6,1.0663749999999999,0.528868,0.9494210000000001,0.050579
Viola calcarata,5896482633,1869,8,5,1869-08-05T00:00,217,46.652543,9.357928,NA,NA,NA,NA,2,0.31000000000000005,2.51,1,0.465,3.3328125,0.6215444999999999,0.9660725,0.0339275
Viola calcarata,5896482634,1986,6,15,1986-06-15T00:00,166,46.740443,9.3821,1883,NA,NA,1883m,1,0.4,3.04,1.26,0.51,1.15625,0.548135,0.956927,0.043073
Viola calcarata,5896482644,1914,7,1,1914-07-01T00:00,182,46.780245,9.640766,2200,NA,407,2200m,3,0.2,2.34,0.86,0.38,1.322581,0.702531,0.930018,0.069982
Viola calcarata,5896482646,1908,7,5,1908-07-05T00:00,187,46.444722,9.971111,2052,NA,NA,NA,2,0.525,3.88,1.6099999999999999,0.5449999999999999,1.693773,0.44464100000000006,0.9219885,0.0780115
Viola calcarata,5896482648,1918,7,15,1918-07-15T00:00,196,46.472538,9.512031,NA,NA,NA,1943m,6,0.25,2.625,0.9850000000000001,0.44,0.848547,0.40538799999999997,0.886502,0.113498
Viola calcarata,5896482649,1909,7,23,1909-07-23T00:00,204,46.641111,9.605278,2141,NA,NA,NA,1,0.59,3.45,1.39,0.62,0.477612,0.619891,0.963932,0.036068
Viola calcarata,5896482672,1884,7,27,1884-07-27T00:00,209,46.885019,9.246335,NA,NA,889,NA,1,0.37,3.03,1.2,0.51,1.114754,0.508967,0.890194,0.109806
Viola calcarata,5896482679,1923,4,24,1923-04-24T00:00,114,46.778069,9.67315,1830,NA,NA,1830m,5,1.25,5.37,1.99,1.03,0.855,0.545265,0.946808,0.053192
Viola calcarata,5896482681,1875,7,22,1875-07-22T00:00,203,45.685833,6.889444,2198,NA,NA,NA,4,0.32,2.46,0.875,0.525,0.7374499999999999,0.654326,0.961335,0.038665
Viola calcarata,5896482686,1901,5,27,1901-05-27T00:00,147,46.805054,9.647463,NA,NA,750,NA,8,0.67,3.4,1.22,0.7749999999999999,1.2180010000000001,0.7038504999999999,0.953029,0.046971
Viola calcarata,5896482692,1920,6,3,1920-06-03T00:00,155,46.795636,9.672522,2080,NA,408,2000m,12,0.41000000000000003,2.825,1.13,0.585,1.4070925,0.7210354999999999,0.963868,0.036132
Viola calcarata,5896482693,1919,7,4,1919-07-04T00:00,185,46.829206,9.871826,1720,NA,552,1720m,8,0.635,3.65,1.5350000000000001,0.61,0.8443445,0.5987345,0.972346,0.027653999999999998
Viola calcarata,5896482701,1902,7,3,1902-07-03T00:00,184,46.640976,10.019942,1665,NA,655,NA,7,0.59,3.2,1.1,0.76,1.013986,0.717878,0.975342,0.024658
Viola calcarata,5896482705,1901,5,NA,1901-05,5,46.804267,9.647818,NA,NA,739,NA,16,0.635,3.385,1.23,0.72,0.8187845,0.679769,0.9608285000000001,0.0391715
Viola calcarata,5896482712,1901,5,26,1901-05-26T00:00,146,46.810612,9.601324,NA,NA,868,NA,1,0.55,3.1,1.2,0.66,0.577778,0.722081,0.979499,0.020501
Viola calcarata,5896482713,1939,7,27,1939-07-27T00:00,208,47.018046,9.825329,2341,NA,NA,NA,1,0.39,2.72,1.02,0.67,0.567416,0.669808,0.943857,0.056143
Viola calcarata,5896482715,1931,6,21,1931-06-21T00:00,172,46.776993,9.670489,1833,NA,NA,NA,10,0.56,3.415,1.38,0.5900000000000001,1.166499,0.6905825,0.9726245,0.0273755
Viola calcarata,5896482735,1905,7,24,1905-07-24T00:00,205,46.467808,9.512655,2000,NA,940,2000 m,19,0.48,3.47,1.46,0.55,1.054852,0.522199,0.957938,0.042062
Viola calcarata,5896482741,1923,7,NA,1923-07,NA,46.760955,9.527261,2000,NA,601,2000m,3,0.62,4,1.33,0.55,1.475,0.600858,0.95133,0.04867
Viola calcarata,5896482744,1907,8,15,1907-08-15T00:00,227,46.589446,9.86299,2293,NA,399,NA,4,0.505,3.525,1.415,0.615,0.941107,0.587121,0.9069750000000001,0.093025
Viola calcarata,5896482745,1912,8,22,1912-08-22T00:00,235,46.449362,9.601873,2637,NA,444,NA,4,0.34,2.285,0.835,0.565,1.2949565,0.810939,0.980591,0.019409
Viola calcarata,5896482747,1945,7,14,1945-07-14T00:00,195,46.582776,9.845175,NA,NA,4530,NA,9,0.67,3.67,1.38,0.82,0.877301,0.628164,0.957104,0.042896
Viola calcarata,5896482749,1986,6,16,1986-06-16T00:00,167,46.445263,9.579496,2126,NA,NA,2126m,1,0.25,2.25,0.86,0.46,2.785714,0.628514,0.930658,0.069342
Viola calcarata,5896482752,1917,6,4,1917-06-04T00:00,155,46.512048,9.85754,NA,NA,NA,NA,11,0.53,3.3,1.19,0.63,1.325,0.552503,0.958794,0.041206
Viola calcarata,5896482758,1902,8,7,1902-08-07T00:00,219,46.78947,9.638794,NA,NA,NA,NA,1,0.65,3.32,1.28,0.75,1.648649,0.740709,0.969939,0.030061
Viola calcarata,5896482772,1909,7,NA,1909-07,250,46.628951,9.74667,NA,NA,NA,NA,3,0.83,3.54,1.21,0.92,0.725,0.800726,0.983517,0.016483
Viola calcarata,5896482774,1871,7,17,1871-07-17T00:00,198,46.489104,9.901514,1818,NA,3015,NA,1,0.28,2.08,0.74,0.54,1.320513,0.814794,0.980141,0.019859
Viola calcarata,5896482778,1913,9,9,1913-09-09T00:00,252,46.779242000000004,9.671008,1900,NA,409,1900m,3,1.16,6.11,2.68,0.81,1,0.389262,0.945928,0.054072
Viola calcarata,5896482782,1879,8,NA,1879-08,NA,46.41946,9.774912,2264,NA,527,NA,3,0.24,2.04,0.74,0.48,1.291139,0.73782,0.972201,0.027799
Viola calcarata,5896482792,1916,8,8,1916-08-08T00:00,221,46.658653,9.815904,2561,NA,5292,NA,8,0.52,2.88,1.06,0.73,1.407733,0.757973,0.971026,0.028974
Viola calcarata,5896482797,1918,7,16,1918-07-16T00:00,197,46.473465,9.540277,2400,NA,529,2400m,1,0.07,1.16,0.44,0.26,1.070175,0.683914,0.967355,0.032645
Viola calcarata,5896482801,1890,7,16,1890-07-16T00:00,197,46.419368,9.749066,1800,NA,1546,1800m,2,0.43500000000000005,3.7750000000000004,1.56,0.57,1.3173905,0.4257595,0.8508405,0.1491595
Viola calcarata,5896482807,1932,7,14,1932-07-14T00:00,196,46.464598,9.538443,2213,NA,5072,NA,2,0.41500000000000004,2.56,0.9099999999999999,0.64,1.1986655,0.7388315,0.957748,0.042252
Viola calcarata,5896482817,1912,6,8,1912-06-08T00:00,160,46.497885,9.837889,NA,NA,NA,NA,17,0.42,3.05,1.1,0.64,1.108108,0.701886,0.957709,0.042291
Viola calcarata,5896482819,1975,6,28,1975-06-28T00:00,179,46.834878,9.860248,1670,NA,637,NA,11,0.68,4.14,1.62,0.69,1.418182,0.617903,0.972555,0.027445
Viola calcarata,5896482823,1924,6,20,1924-06-20T00:00,172,46.540573,9.857562,2185,NA,430,NA,2,0.485,2.915,0.9750000000000001,0.755,0.8806204999999999,0.7186375,0.9650675,0.0349325
Viola calcarata,5896482830,1863,7,NA,1863-07,NA,46.472421,9.727634,NA,NA,NA,NA,6,0.615,4,1.4449999999999998,0.755,1.1779305,0.650649,0.9518785000000001,0.0481215
Viola calcarata,5896482831,1880,6,NA,1880-06,NA,46.464608,9.538443,NA,NA,5071,NA,1,1.19,4.25,1.41,1.13,1.164474,0.827631,0.983941,0.016059
Viola calcarata,5896482837,1886,NA,NA,1886,NA,46.667844,10.072697,1717,NA,44313,NA,2,1.005,4.375,1.615,0.94,1.5966825,0.670624,0.9637249999999999,0.036275
Viola calcarata,5896482844,1898,7,NA,1898-07,NA,46.435989,9.487617,NA,NA,5072,NA,5,0.6,3.34,1.19,0.69,0.956311,0.654787,0.941843,0.058157
Viola calcarata,5896482845,1845,7,7,1845-07-07T00:00,188,46.816444,9.606467,NA,NA,NA,NA,3,0.31,2.39,0.96,0.47,0.861111,0.690056,0.971617,0.028383
Viola calcarata,5896482847,1914,6,28,1914-06-28T00:00,179,46.846188,9.747506,1940,NA,870,1940m,2,0.19,2.0250000000000004,0.81,0.38,1.4583335,0.587405,0.9537255,0.046274499999999996
Viola calcarata,5896482851,1932,6,30,1932-06-30T00:00,182,46.793783,9.672171,1980,NA,616,1980m,26,0.405,2.685,1.01,0.5549999999999999,0.944794,0.692365,0.9643435,0.0356565
Viola calcarata,5896482858,1913,8,NA,1913-08,NA,46.790597,9.685482,2100,NA,440,2100m,3,0.73,4.46,1.69,0.65,1.545455,0.501744,0.938699,0.061301
Viola calcarata,5896482859,1904,7,25,1904-07-25T00:00,207,46.53101,9.199009,NA,NA,NA,NA,1,0.46,2.82,0.93,0.72,0.77037,0.731069,0.956749,0.043251
Viola calcarata,5896482860,1897,5,2,1897-05-02T00:00,122,46.640213,10.365139,NA,NA,753,NA,23,0.81,4.22,1.66,0.76,0.884984,0.614242,0.968302,0.031698
Viola calcarata,5896482866,1915,6,13,1915-06-13T00:00,164,46.849398,9.848245,1900,NA,1364,1900m,5,0.7,3.97,1.57,0.55,1.005128,0.428422,0.95692,0.04308
Viola calcarata,5896482874,1846,7,13,1846-07-13T00:00,194,46.883151,9.471,2327,NA,3994,NA,2,0.385,2.8899999999999997,1.085,0.5800000000000001,1.6716665,0.585033,0.9256055,0.0743945
Viola calcarata,5896482881,1923,6,28,1923-06-28T00:00,179,46.540574,9.857562,NA,NA,430,NA,1,0.42,2.71,1.03,0.57,2.218391,0.713185,0.965399,0.034601
Viola calcarata,5896482888,1913,6,9,1913-06-09T00:00,160,46.850398,9.867048,1723,NA,479,NA,9,0.36,3.13,1.2,0.52,2.230769,0.554777,0.869467,0.130533
Viola calcarata,5896482890,1909,7,23,1909-07-23T00:00,204,46.641115,9.605476,2141,NA,NA,NA,1,0.35,2.76,1.17,0.45,0.431953,0.570102,0.968664,0.031336
Viola calcarata,5896482891,1908,7,25,1908-07-25T00:00,207,46.59022,9.868794,2300,NA,NA,2300m,7,0.24,2.53,0.93,0.48,1.133929,0.646972,0.954057,0.045943
Viola calcarata,5896482908,1896,7,NA,1896-07,NA,46.804267,9.647818,NA,NA,739,NA,6,0.32,2.545,1.045,0.55,1.0358574999999999,0.6000829999999999,0.955353,0.044647000000000006
Viola calcarata,5896482909,1861,7,27,1861-07-27T00:00,208,46.582777,9.845175,NA,NA,4530,NA,2,0.615,4.125,1.65,0.6950000000000001,1.6869299999999998,0.4580505,0.8923575,0.1076425
Viola calcarata,5896482916,1916,8,NA,1916-08,NA,46.525714,9.199963,1650,NA,596,1650m,1,0.84,3.98,1.51,0.84,3.103896,0.666534,0.966912,0.033088
Viola calcarata,5896482921,1898,7,NA,1898-07,NA,46.415438,9.489197,NA,NA,3647,NA,4,0.36,3.575,1.5699999999999998,0.41500000000000004,0.862554,0.4248725,0.9450775,0.0549225
Viola calcarata,5896482924,1908,7,5,1908-07-05T00:00,187,46.459498,10.012955,2498,NA,3178,NA,11,0.62,4.14,1.67,0.52,1.92623,0.363025,0.908642,0.091358
Viola calcarata,5896482926,1900,7,17,1900-07-17T00:00,198,46.748907,9.578822,1999,NA,854,NA,22,0.385,2.6399999999999997,1.005,0.585,1.063351,0.7387954999999999,0.9698385,0.0301615
Homogyne alpina,1935694747,1980,4,3,1980-04-03,94,47.425,15.73333,1025,NA,500,NA,7,4.6,8.87,2.72,2.31,1.230337,0.72045,0.948991,0.051009
Homogyne alpina,2575333551,1879,7,NA,1879-07,NA,46.897742,9.750068,NA,NA,565,NA,2,2.71,7.205,2.08,1.87,1.2958715,0.655973,0.930436,0.069564
Homogyne alpina,2575333558,1919,7,27,1919-07-27T00:00,208,46.798568,9.7900759999999991,2150,NA,288,2150m,9,1.36,4.91,1.47,1.31,1.021277,0.640148,0.958263,0.041737
Homogyne alpina,2594379028,1907,6,NA,1907-06,187,47.57528,14.46056,1000,NA,2000,NA,9,0.86,4.15,1.28,1.03,1.116667,0.655495,0.926586,0.073414
Homogyne alpina,3383268301,1907,7,7,1907-07-07T00:00,188,46.116388,7.174167,1803,NA,NA,1800 m,11,2.61,6.63,2.04,1.75,1.056738,0.600498,0.926495,0.073505
Homogyne alpina,3383269519,1976,6,24,1976-06-24T00:00,176,46.343611,7.983333,1049,NA,NA,NA,8,1.1400000000000001,4.615,1.37,1.165,1.6110935,0.58601,0.91906,0.08094000000000001
Homogyne alpina,3383298864,1991,9,10,1991-09-10T00:00,253,46.209722,7.964444,2332,NA,NA,2300 - 2350 m,1,0.14,1.9,0.8,0.26,2.301887,0.497859,0.961185,0.038815
Homogyne alpina,3383298880,1853,8,NA,1853-08,NA,45.868889,7.170556,2475,NA,NA,NA,5,2.88,7.68,2.34,1.85,1.164384,0.633913,0.903499,0.096501
Homogyne alpina,3383303742,1918,7,4,1918-07-04T00:00,185,45.894722,7.185833,2000,NA,NA,2000 m,4,3.635,8.69,2.4699999999999998,2.075,1.120419,0.5624095,0.9294115000000001,0.0705885
Homogyne alpina,3383303872,1986,7,5,1986-07-05T00:00,186,46.242413,8.044114,2351,NA,NA,2300 m,11,1.06,4.48,1.32,1.18,1.09375,0.670335,0.933555,0.066445
Homogyne alpina,3383304767,1982,6,30,1982-06-30T00:00,181,46.151388,7.635278,2265,NA,NA,2100 - 2400 m,3,0.64,3.5,1.38,0.81,1.104089,0.660684,0.927161,0.072839
Homogyne alpina,3383304806,1939,7,16,1939-07-16T00:00,197,46.1675,7.648056,2495,NA,NA,2500 m,1,0.24,2.5,1,0.4,2.057143,0.491103,0.948056,0.051944
Homogyne alpina,3383304837,1882,6,29,1882-06-29T00:00,180,46.287222,7.762778,1646,NA,NA,1650 m,3,1.09,4.56,1.45,1.05,0.766667,0.524239,0.932454,0.067546
Homogyne alpina,3383305844,1832,6,NA,1832-06,NA,46.379815,7.634432,1496,NA,NA,NA,8,1.6099999999999999,5.425,1.6,1.4449999999999998,0.9684625,0.6612439999999999,0.939346,0.060654
Homogyne alpina,3383305879,1916,7,20,1916-07-20T00:00,202,46.229444,7.610833,2206,NA,NA,2200 m,5,1.69,5.7,1.89,1.2,1.082251,0.593977,0.929792,0.070208
Homogyne alpina,3383306923,1913,7,NA,1913-07,NA,46.040555,7.950278,2376,NA,NA,2400 m,2,1.21,5.06,1.6099999999999999,1.03,1.9782165,0.5604445,0.929547,0.070453
Homogyne alpina,3383306935,1902,7,14,1902-07-14T00:00,195,45.983611,7.782778,3099,NA,NA,NA,3,0.72,4.28,1.67,0.72,0.763889,0.49454,0.899841,0.100159
Homogyne alpina,3383306957,1886,7,NA,1886-07,NA,45.868889,7.170556,2475,NA,NA,NA,10,3.29,7.785,2.335,1.8849999999999998,0.9859040000000001,0.640622,0.912701,0.087299
Homogyne alpina,3383307710,1895,7,17,1895-07-17T00:00,198,46.198055,7.690556,1875,NA,NA,NA,1,0.28,2.24,0.85,0.43,1.546512,0.706348,0.975302,0.024698
Homogyne alpina,3383307826,1902,7,16,1902-07-16T00:00,197,46.562222,8.362222,1764,NA,NA,NA,1,0.56,3.67,1.44,0.59,0.450704,0.520823,0.95022,0.04978
Homogyne alpina,3383312305,1923,7,NA,1923-07,NA,46.228333,6.962222,999,NA,NA,NA,1,1.59,5.12,1.64,1.3,1.60274,0.762509,0.950473,0.049527
Homogyne alpina,3383316500,1967,7,12,1967-07-12T00:00,193,46.9575,8.674722,1929,NA,NA,NA,3,1.06,4.19,1.32,1.08,1.069767,0.744072,0.94898,0.05102
Homogyne alpina,3383338814,1915,7,4,1915-07-04T00:00,185,46.170277,7.093611,2123,NA,NA,NA,2,2.17,6.765,1.825,1.73,1.113181,0.627721,0.9296335,0.0703665
Homogyne alpina,3383339935,1946,7,16,1946-07-16T00:00,197,46.130277,7.948333,2051,NA,NA,NA,8,2.49,7.08,1.915,1.745,1.0308305,0.5796935000000001,0.9297565,0.0702435
Homogyne alpina,3383340086,1910,5,28,1910-05-28T00:00,148,46.313611,6.871944,1098,NA,NA,1100 m,2,1.45,6.16,2.08,1.19,1.437201,0.455625,0.8382685000000001,0.1617315
Homogyne alpina,3383340755,1950,6,28,1950-06-28T00:00,179,46.219722,7.6,1671,NA,NA,1700 m,4,4.385,9.280000000000001,2.7,2.4450000000000003,1.0557625,0.640538,0.9166650000000001,0.08333499999999999
Homogyne alpina,3383341835,1946,7,16,1946-07-16T00:00,197,46.130277,7.948333,2051,NA,NA,NA,6,1.9100000000000001,5.875,1.67,1.62,1.1163085000000001,0.680437,0.9495534999999999,0.050446500000000005
Homogyne alpina,3383342711,1904,6,NA,1904-06,96,46.246667,8.028333,1995,NA,NA,NA,5,6.35,10.89,3.15,2.95,1.132964,0.621579,0.914265,0.085735
Homogyne alpina,3383342738,1904,6,NA,1904-06,96,46.246666,8.028333,1995,NA,NA,NA,3,2.75,6.8,2.02,1.9,0.943503,0.596192,0.922661,0.077339
Homogyne alpina,3383342788,1832,7,NA,1832-07,NA,46.379815,7.634432,1496,NA,NA,NA,1,0.06,1.7,0.75,0.21,3.2,0.267609,0.776637,0.223363
Homogyne alpina,3383342792,1982,6,29,1982-06-29T00:00,180,46.110277,7.638333,2020,NA,NA,1800 - 2200 m,7,3.73,7.72,2.44,2.18,1.084848,0.6913,0.938953,0.061047
Homogyne alpina,3383343873,1869,5,13,1869-05-13T00:00,133,46.321433,7.175338,1435,NA,988,NA,2,4.225,8.530000000000001,2.415,2.19,1.06969,0.686958,0.9453675,0.0546325
Homogyne alpina,3383344746,1982,7,1,1982-07-01T00:00,182,46.144166,7.594722,2551,NA,NA,2450 - 2800 m,2,1.785,5.845,1.73,1.54,1.103229,0.656741,0.9239295,0.0760705
Homogyne alpina,3383344753,1914,7,NA,1914-07,NA,46.2525,7.593889,1965,NA,NA,NA,1,4.06,9.9,2.93,2.31,1.184971,0.520554,0.872315,0.127685
Homogyne alpina,3383344864,1973,6,10,1973-06-10T00:00,161,46.196111,7.845556,1731,NA,NA,NA,6,1.25,4.955,1.655,1.295,1.0180205,0.660079,0.9383995,0.0616005
Homogyne alpina,3383345376,1971,6,20,1971-06-20T00:00,171,46.787408,10.194645,2120,NA,NA,2120m,3,0.43,3.47,1.02,0.67,0.973451,0.539035,0.948625,0.051375
Homogyne alpina,3383345848,1872,7,10,1872-07-10T00:00,192,45.901944,7.188083,2077,NA,NA,NA,9,3.87,9.13,2.49,2.33,1.028674,0.584122,0.937852,0.062148
Homogyne alpina,3383345893,1948,6,10,1948-06-10T00:00,162,46.096111,7.928611,2102,NA,NA,NA,5,2.96,7.13,2.14,2.01,1.10705,0.69318,0.944918,0.055082
Homogyne alpina,3383345930,1886,8,NA,1886-08,NA,46.156111,7.291389,2460,NA,NA,NA,5,2.13,6.02,1.84,1.6,1.314861,0.738084,0.951955,0.048045
Homogyne alpina,3383345933,1978,7,8,1978-07-08T00:00,189,46.251666,8.009397,2182,NA,NA,NA,7,1.88,5.96,2.11,1.49,1.136253,0.704668,0.944662,0.055338
Homogyne alpina,3383346902,1904,6,23,1904-06-23T00:00,175,46.571944,8.413333,2429,NA,NA,NA,2,2.435,6.32,1.975,1.58,1.3142625,0.6895549999999999,0.9365600000000001,0.06344
Homogyne alpina,3383347010,1981,8,18,1981-08-18T00:00,230,46.092222,7.898611,2451,NA,NA,2450 m,1,1.52,5.01,1.53,1.44,0.968037,0.760897,0.953104,0.046896
Homogyne alpina,3961684851,1980,6,13,1980-06-13,165,48.829526,23.00108,NA,NA,NA,NA,2,2.115,6.325,1.85,1.52,0.9477285,0.6375695,0.9315485,0.0684515
Homogyne alpina,4904913329,1987,8,14,1987-08-14T00:00,226,46.749375,9.599155,2700,NA,NA,2700m,3,1.83,5.48,1.67,1.49,1.100559,0.763598,0.959591,0.040409
Homogyne alpina,4986963851,2016,6,21,2016-06-21,173,42.434722,2.1275,2170,NA,NA,2170 m,4,2.565,6.87,2.12,1.7799999999999998,1.0349895,0.6906745,0.930051,0.069949
Homogyne alpina,5004380477,2010,6,25,2010-06-25,176,47.5275,13.50361,935,5,250,NA,1,1.43,5.02,1.55,1.32,0.912281,0.714231,0.928482,0.071518
Homogyne alpina,5004380533,2007,5,27,2007-05-27,147,47.45833,13.43389,1700,NA,250,NA,3,0.86,3.92,1.25,1.08,1.602273,0.66404,0.922788,0.077212
Homogyne alpina,5004394175,1997,6,22,1997-06-22,173,47.40389,15.35694,1560,40,300,NA,7,0.5,2.89,0.92,0.78,0.985507,0.696993,0.933858,0.066142
Homogyne alpina,5004448751,1998,7,22,1998-07-22,203,47.17389,11.7875,2050,NA,800,NA,2,1.26,4.949999999999999,1.4900000000000002,1.245,1.0752335,0.6494949999999999,0.923914,0.076086
Homogyne alpina,5132611352,1838,5,NA,1838-05,NA,47.291183,8.518328,668,NA,4526,NA,7,2.59,8.11,2.29,1.73,1.542289,0.599033,0.914234,0.085766
Homogyne alpina,5897912305,1908,6,20,1908-06-20T00:00,172,46.530269,9.851363,2040,NA,991,2040m,1,0.62,3.45,1.08,0.92,2.051282,0.65173,0.914911,0.085089
Homogyne alpina,5897912306,1914,6,15,1914-06-15T00:00,166,46.212686,9.102409,1349,NA,NA,1400m,1,0.86,4.08,1.42,0.93,1.350877,0.648136,0.920297,0.079703
Homogyne alpina,5897912313,1887,8,6,1887-08-06T00:00,218,46.581413,8.779849,2100,NA,927,2100m,3,2.77,7.44,2.14,1.68,1.04947,0.628951,0.935157,0.064843
Homogyne alpina,5897912317,1909,7,23,1909-07-23T00:00,204,46.641115,9.605476,2141,NA,NA,NA,2,1.3199999999999998,5.279999999999999,1.51,1.145,1.6958600000000001,0.45748350000000004,0.8239354999999999,0.1760645
Homogyne alpina,5897912323,1909,7,21,1909-07-21T00:00,202,46.760495,9.557285,1500,NA,NA,1500m,11,1.34,4.93,1.68,1.18,1.115756,0.498639,0.919105,0.080895
Homogyne alpina,5897912373,1961,9,30,1961-09-30T00:00,273,46.96972,9.813066,NA,NA,NA,NA,9,2.41,6.48,2.01,1.83,0.884146,0.669393,0.932879,0.067121
Homogyne alpina,5897912375,1893,6,15,1893-06-15T00:00,166,46.517717,9.886232,NA,NA,523,NA,8,4.775,9.105,2.855,2.365,1.1331585,0.7237255,0.940349,0.059650999999999996
Homogyne alpina,5897912380,1897,8,NA,1897-08,NA,46.627916,9.74702,NA,NA,NA,NA,1,1.92,5.97,1.93,1.37,0.765343,0.678489,0.933975,0.066025
Homogyne alpina,5897912381,1918,6,29,1918-06-29T00:00,180,46.525554,9.899134,2451,NA,1589,NA,3,1.63,5.5,1.65,1.5,1.150485,0.679677,0.931177,0.068823
Homogyne alpina,5897912386,1913,7,4,1913-07-04T00:00,185,46.497233,9.83915,NA,NA,1887,NA,2,1.21,4.66,1.51,1.1,1.417347,0.6616025,0.9328695,0.06713050000000001
Homogyne alpina,5897912392,1960,6,6,1960-06-06T00:00,158,46.96976,9.8132,NA,NA,NA,NA,4,1.49,5.375,1.74,1.2,1.1857834999999999,0.595399,0.913813,0.086187
Homogyne alpina,5897912418,1861,7,17,1861-07-17T00:00,198,46.582777,9.845175,NA,NA,4530,NA,2,2.175,6.08,1.815,1.7000000000000002,0.9740899999999999,0.7411369999999999,0.9485075000000001,0.0514925
Homogyne alpina,5897912444,1899,7,30,1899-07-30T00:00,211,46.74826,9.899445,NA,NA,6179,NA,2,0.835,4.135,1.4,0.8200000000000001,1.1168545,0.5050455,0.8859745,0.1140255
Homogyne alpina,5897912445,1890,7,18,1890-07-18T00:00,199,46.430556,9.76296,NA,NA,74,NA,5,1.76,5.63,1.89,1.42,0.795455,0.627401,0.926502,0.073498
Homogyne alpina,5897912468,1901,6,17,1901-06-17T00:00,168,46.708761,10.107005,NA,NA,1935,NA,3,0.95,4.43,1.73,0.84,1.5375,0.421761,0.950312,0.049688
Homogyne alpina,5897912480,1903,7,22,1903-07-22T00:00,203,46.80665,9.64809,NA,NA,327,NA,5,2.02,6.74,2.07,1.62,1.12749,0.561915,0.899452,0.100548
Homogyne alpina,5897912483,1885,8,NA,1885-08,NA,46.305192,10.078486,972,NA,9859,NA,13,1.63,5.55,1.69,1.27,1.005051,0.644664,0.922895,0.077105
Homogyne alpina,5897912490,1905,7,28,1905-07-28T00:00,209,46.786448,9.614035,1900,NA,1002,1900m,2,0.95,4.91,1.585,0.94,0.786278,0.448821,0.892884,0.10711599999999999
Homogyne alpina,5897912502,1908,7,6,1908-07-06T00:00,188,46.525554,9.899134,2451,NA,1589,NA,4,1.755,5.65,1.69,1.46,1.130408,0.6213744999999999,0.9276965,0.07230349999999999
Homogyne alpina,5897912532,1957,7,26,1957-07-26T00:00,207,46.016111,7.431667,2860,NA,NA,NA,2,1.68,5.355,1.615,1.415,1.067941,0.7391475000000001,0.961727,0.038273
Homogyne alpina,5897912538,1909,7,15,1909-07-15T00:00,196,46.582249,9.801146,2231,NA,NA,NA,2,4.985,9.469999999999999,2.865,2.45,1.092657,0.699188,0.944557,0.055443
Homogyne alpina,5897912561,1969,6,22,1969-06-22T00:00,173,46.495159,9.901259,NA,NA,NA,NA,5,0.68,4.59,1.57,0.66,1.194444,0.463027,0.858162,0.141838
Homogyne alpina,5897912593,1909,7,30,1909-07-30T00:00,211,46.532953,9.873582,1707,NA,NA,1707m,5,1.47,4.85,1.66,1.21,0.771186,0.633136,0.950275,0.049725
Homogyne alpina,5897912624,1918,7,18,1918-07-18T00:00,199,46.473465,9.540277,2400,NA,529,2400m,1,0.98,4.36,1.46,1.13,1.517007,0.648296,0.903055,0.096945
Homogyne alpina,5897912648,1897,7,NA,1897-07,NA,46.456454,9.540551,NA,NA,6659,NA,1,1.44,5.39,1.61,1.42,1.628019,0.623114,0.906678,0.093322
Homogyne alpina,5897912649,1948,7,19,1948-07-19T00:00,201,46.639635,10.292441,NA,NA,NA,NA,4,2.075,5.87,1.995,1.5150000000000001,1.0300989999999999,0.690779,0.9311564999999999,0.0688435
Homogyne alpina,5897912671,1885,8,NA,1885-08,NA,46.305192,10.078486,972,NA,9859,NA,10,0.96,4.425000000000001,1.4249999999999998,1.0750000000000002,1.1063619999999998,0.626596,0.9150655,0.0849345
Homogyne alpina,5897912678,1894,6,18,1894-06-18T00:00,169,46.632869,10.409142,2566,NA,10051,1600m,5,3.1,7.98,2.29,1.98,1.146875,0.64327,0.93127,0.06873
Homogyne alpina,5897912688,1903,7,11,1903-07-11T00:00,192,46.786621,9.832872,NA,NA,330,NA,4,3.175,7.569999999999999,2.3449999999999998,2.035,1.121124,0.6553635,0.9206300000000001,0.07937
Homogyne alpina,5897912706,1909,8,27,1909-08-27T00:00,239,46.492132,9.902597,NA,NA,NA,NA,2,4.11,7.51,2.275,2.0700000000000003,1.1599935000000001,0.69689,0.9557625000000001,0.0442375
Homogyne alpina,5897912728,1897,6,5,1897-06-05T00:00,156,46.524363,9.190178,1650,NA,261,1650m,17,2.35,6.26,1.96,1.74,1.025362,0.731108,0.948785,0.051215
Homogyne alpina,5897912729,1887,8,8,1887-08-08T00:00,220,46.570574,8.788406,1900,NA,427,1900m,9,1.03,4.32,1.38,1.19,0.92973,0.68144,0.946708,0.053292
Homogyne alpina,5897912760,1909,7,23,1909-07-23T00:00,204,46.641115,9.605476,2141,NA,NA,NA,2,3.09,9.79,2.41,1.935,0.635795,0.45401,0.8551085,0.1448915
Homogyne alpina,5897912767,1852,7,NA,1852-07,NA,46.456453,9.540551,NA,NA,6659,NA,1,3.97,8.34,2.55,2.21,1.417553,0.718344,0.942882,0.057118
Homogyne alpina,5897912776,1913,7,28,1913-07-28T00:00,209,46.766543,9.684944,NA,NA,291,1670m,7,2.22,7.68,2.23,1.93,1.152344,0.53182,0.888595,0.111405
Homogyne alpina,5897912782,1962,8,1,1962-08-01T00:00,213,46.650264,9.75488,NA,NA,NA,NA,11,1.96,6.85,2,1.58,1.062176,0.654279,0.930459,0.069541
Homogyne alpina,5897912868,1908,6,29,1908-06-29T00:00,181,46.525554,9.899134,2451,NA,1589,NA,6,1.625,5.485,1.6400000000000001,1.3399999999999999,1.2865375000000001,0.704133,0.934678,0.065322
Homogyne alpina,5897912885,1937,8,11,1937-08-11T00:00,223,46.374966,8.289068,NA,NA,731,NA,3,1.42,4.9,1.63,1.25,1.071698,0.626029,0.943844,0.056156
Homogyne alpina,5897912904,1897,6,5,1897-06-05T00:00,156,46.524363,9.190178,1650,NA,261,1650m,24,1.9749999999999999,5.885,1.775,1.54,1.080718,0.703147,0.9490125,0.050987500000000005
Homogyne alpina,5897912925,1916,6,16,1916-06-16T00:00,168,46.497233,9.83915,NA,NA,1887,NA,4,3.5999999999999996,8.075,2.425,1.725,1.2603625,0.5096495,0.8541335,0.1458665
Homogyne alpina,5897912936,1944,7,22,1944-07-22T00:00,204,46.786949,10.287879,NA,NA,NA,NA,3,2.53,6.46,2,1.77,0.988235,0.740211,0.952005,0.047995
Homogyne alpina,5897912937,1906,7,30,1906-07-30T00:00,211,46.46882,9.846316,NA,NA,NA,NA,1,0.86,3.84,1.27,0.93,1.164557,0.735974,0.950758,0.049242
Homogyne alpina,5897912945,1907,6,18,1907-06-18T00:00,169,46.568706,9.365451,NA,NA,1717,NA,5,1.45,4.95,1.59,1.27,1.239583,0.63645,0.940397,0.059603
Homogyne alpina,5897912949,1905,8,14,1905-08-14T00:00,226,46.870412,9.8825,NA,NA,NA,NA,5,2.34,7.13,2.1,1.77,1.35473,0.621452,0.926356,0.073644
Homogyne alpina,5897912965,1907,7,23,1907-07-23T00:00,204,46.763254,9.79391,NA,NA,1492,NA,3,2.9,7.47,2.02,2.01,1.115207,0.62669,0.940275,0.059725
Homogyne alpina,5897912984,1945,7,13,1945-07-13T00:00,194,46.582015,9.784646,NA,NA,424,NA,1,0.07,1.72,0.76,0.17,0.298246,0.309165,0.874058,0.125942
Homogyne alpina,5898426309,1894,6,NA,1894-06,NA,46.329839,10.079048,NA,NA,612,NA,15,2.28,7.5,1.97,1.62,0.942559,0.678421,0.919755,0.080245
Homogyne alpina,5898426316,1912,6,9,1912-06-09T00:00,161,46.450839,9.94081,NA,NA,NA,NA,5,1.57,5.68,1.65,1.52,0.995025,0.613539,0.917933,0.082067
Homogyne alpina,5898426320,1912,6,9,1912-06-09T00:00,161,46.450839,9.94081,NA,NA,NA,NA,2,3.0999999999999996,10.4,3.045,2.03,0.6815335,0.46281399999999995,0.773605,0.226395
Homogyne alpina,5898426322,1893,7,3,1893-07-03T00:00,184,46.974321,9.829248,1500,NA,731,1500m,3,2.19,6.35,1.88,1.54,1.176259,0.732881,0.951338,0.048662
Homogyne alpina,5898426344,1909,6,15,1909-06-15T00:00,166,46.490257,9.843557,NA,NA,224,NA,4,3.8850000000000002,8.47,2.455,2.29,1.018699,0.655354,0.9242805000000001,0.0757195
Homogyne alpina,5898426355,1902,7,12,1902-07-12T00:00,193,46.640824,10.210926,2160,NA,1745,2160m,9,1.81,6.72,2.13,1.39,0.958159,0.60313,0.935273,0.064727
Homogyne alpina,5898426364,1980,7,NA,1980-07,NA,46.857301,9.841745,2300,NA,732,2300m,1,1.41,4.81,1.49,1.3,1.113402,0.764881,0.96011,0.03989
Homogyne alpina,5898426366,1917,6,24,1917-06-24T00:00,175,46.487778,9.86525,1945,NA,NA,NA,4,1.7999999999999998,6.04,1.7149999999999999,1.6,0.996683,0.6087695,0.8938825,0.1061175
Homogyne alpina,5898426399,1969,6,18,1969-06-18T00:00,169,46.59594,9.388135,2070,NA,194,2070m,5,2.99,7.2,2.16,1.95,1.019553,0.724385,0.961467,0.038533
Homogyne alpina,5898426467,1975,6,28,1975-06-28T00:00,179,46.834878,9.860248,1670,NA,637,NA,4,2.98,7.025,2.22,1.92,1.1534915,0.709778,0.9268025,0.0731975
Homogyne alpina,5898426471,1984,8,4,1984-08-04T00:00,217,46.746455,9.598186,2725,25,404,2700-2750m,3,1.51,5.91,1.71,1.4,0.934959,0.598195,0.925775,0.074225
Homogyne alpina,5898426485,1902,7,12,1902-07-12T00:00,193,46.640824,10.210926,2160,NA,1745,2160m,6,4.545,9.945,2.865,2.49,1.080863,0.6404175000000001,0.9369179999999999,0.063082
Homogyne alpina,5898426495,1984,7,25,1984-07-25T00:00,207,46.754171,9.546552,1675,25,248,1650-1700m,8,3.495,8.295,2.3449999999999998,2.17,1.7733295,0.684904,0.933125,0.066875
Homogyne alpina,5898426510,2011,7,9,2011-07-09T00:00,190,46.80443,9.784461,2425,25,622,2400-2450m,1,1.53,5.07,1.59,1.28,1.678261,0.746832,0.947319,0.052681
Homogyne alpina,5898426524,1974,7,10,1974-07-10T00:00,191,46.943687,10.361265,NA,NA,2169,NA,2,4.529999999999999,10.030000000000001,2.91,2.17,1.104526,0.5596625,0.9187205,0.0812795
Homogyne alpina,5898426533,1862,7,2,1862-07-02T00:00,183,46.563614,8.800725,NA,NA,NA,NA,1,0.07,1.53,0.63,0.24,0.550562,0.388598,0.904822,0.095178
Homogyne alpina,5898426543,1903,7,2,1903-07-02T00:00,183,46.642578,10.023572,1611,NA,NA,NA,3,2.62,6.99,1.96,1.89,1.057851,0.674685,0.946908,0.053092
Homogyne alpina,5898426545,1901,6,29,1901-06-29T00:00,180,46.703726,10.154095,2096,NA,1594,NA,3,1.88,6.04,1.85,1.44,1.412869,0.611758,0.928366,0.071634
Homogyne alpina,5898426554,1953,7,15,1953-07-15T00:00,196,46.452978,9.547274,2000,NA,NA,2000m,8,1.03,4.135,1.32,1.065,1.1093025,0.67562,0.9317185,0.0682815
Homogyne alpina,5898426566,1873,8,3,1873-08-03T00:00,215,46.582158,9.801257,2062,NA,NA,NA,2,3.2350000000000003,7.365,2.27,1.8800000000000001,1.303286,0.7163280000000001,0.949025,0.050975
Homogyne alpina,5898426584,1979,7,6,1979-07-06T00:00,187,46.748688,9.948885,2386,NA,NA,NA,3,1.27,4.91,1.46,1.23,1.003311,0.660698,0.933817,0.066183
Homogyne alpina,5898426611,1913,7,4,1913-07-04T00:00,185,46.489653,9.852405,1819,NA,497,NA,2,5.234999999999999,9.205,2.81,2.575,1.1933255,0.742693,0.953562,0.046438
Homogyne alpina,5898426615,1902,7,12,1902-07-12T00:00,193,46.637991,10.192318,2000,NA,1634,2000m,6,2.54,6.76,2.145,1.605,1.144615,0.6710625,0.955681,0.044319
Homogyne alpina,5898426619,1884,7,NA,1884-07,NA,46.58235,9.83771,NA,NA,NA,NA,8,1.47,5.470000000000001,1.68,1.38,1.183659,0.6270595000000001,0.915195,0.084805
Homogyne alpina,5898426623,1906,7,18,1906-07-18T00:00,199,46.47892,9.896794,1905,NA,808,NA,12,1.5550000000000002,5.455,1.74,1.3450000000000002,1.1389065,0.5922105,0.927047,0.072953
Homogyne alpina,5898426646,1915,6,NA,1915-06,NA,46.868107,9.870267,1300,NA,1430,1300m,11,4.6,10.24,2.77,2.55,1.092958,0.577844,0.911353,0.088647
Homogyne alpina,5898426652,1980,7,5,1980-07-05T00:00,187,46.919942,10.361736,2157,NA,2636,NA,1,0.26,2.79,1.23,0.33,0.333333,0.421116,0.9408,0.0592
Homogyne alpina,5898426657,1900,6,12,1900-06-12T00:00,163,46.498176,9.832896,1954,NA,192,NA,9,4.45,8.98,2.68,2.25,1.073298,0.649899,0.923544,0.076456
Homogyne alpina,5898426662,1918,5,12,1918-05-12T00:00,132,46.824081,9.518104,NA,NA,NA,NA,2,4.645,9.565,2.9050000000000002,2.39,1.0718565,0.6385905,0.9206179999999999,0.07938200000000001
Homogyne alpina,5898426672,1982,7,10,1982-07-10T00:00,191,46.937551,10.309074,2540,NA,NA,2540m,2,0.695,3.625,1.31,0.78,0.824536,0.6263535,0.9301065,0.0698935
Homogyne alpina,5898426714,1905,8,9,1905-08-09T00:00,221,46.877969,9.60058,1896,NA,303,NA,2,2.8949999999999996,7.49,2.11,1.935,1.3195489999999999,0.646715,0.941457,0.058543
Homogyne alpina,5898426727,1966,6,22,1966-06-22T00:00,173,46.602961,9.401272,1840,NA,181,1840m,6,3.65,7.83,2.35,2.225,1.2255289999999999,0.7443935,0.9478519999999999,0.052148
Homogyne alpina,5898426730,1894,6,NA,1894-06,NA,46.324894,10.057509,NA,NA,NA,NA,14,2.3899999999999997,6.58,1.95,1.72,1.1511095,0.6621845,0.9309989999999999,0.069001
Homogyne alpina,5898426732,1905,7,9,1905-07-09T00:00,190,46.874707,9.595485,1900,NA,279,1900m,2,1.0699999999999998,4.22,1.34,0.9650000000000001,0.840325,0.5648025,0.9249419999999999,0.075058
